book_id,customer_id,rating
1,1,4.0
2,2,5.0
3,3,5.0
4,4,4.0
5,5,4.0
6,6,4.0
7,7,5.0
8,8,5.0
9,9,5.0
10,10,4.0
11,11,5.0
12,12,5.0
13,13,5.0
14,14,5.0
15,15,1.0
16,16,4.0
17,17,1.0
18,18,5.0
19,19,5.0
20,20,5.0
21,21,5.0
22,22,5.0
23,23,5.0
24,24,5.0
25,25,5.0
26,26,5.0
27,27,4.0
28,28,1.0
29,29,5.0
30,30,5.0
31,31,5.0
32,32,5.0
33,33,4.0
34,34,5.0
35,35,4.0
36,36,5.0
37,37,5.0
38,38,1.0
39,39,1.0
40,40,1.0
41,41,1.0
42,42,1.0
43,43,4.0
44,44,5.0
45,45,5.0
46,46,1.0
47,47,5.0
48,48,5.0
49,49,5.0
50,50,4.0
51,51,4.0
52,52,3.0
53,53,5.0
54,54,4.0
55,55,5.0
56,56,4.0
57,57,4.0
58,58,5.0
59,59,2.0
60,60,5.0
61,61,5.0
62,62,2.0
63,63,5.0
64,64,5.0
65,65,5.0
66,66,5.0
67,67,5.0
68,68,5.0
69,69,5.0
70,70,3.0
71,71,5.0
72,72,3.0
73,73,5.0
74,74,5.0
75,75,5.0
76,76,3.0
77,77,2.0
78,78,5.0
79,79,4.0
80,80,5.0
81,81,1.0
82,82,5.0
83,83,5.0
84,84,5.0
85,85,5.0
86,86,5.0
87,87,1.0
88,88,5.0
89,89,5.0
90,90,5.0
91,91,2.0
92,92,5.0
93,93,5.0
94,94,5.0
95,95,5.0
96,96,5.0
97,97,3.0
98,98,5.0
99,99,3.0
100,100,3.0
101,101,5.0
102,102,3.0
103,103,5.0
104,104,4.0
105,105,5.0
106,106,5.0
107,107,5.0
108,108,3.0
109,109,5.0
110,110,5.0
111,111,5.0
112,112,5.0
113,113,5.0
114,114,5.0
115,115,5.0
116,116,4.0
117,117,5.0
118,118,1.0
119,119,5.0
120,120,5.0
121,121,5.0
122,122,5.0
123,123,3.0
124,124,5.0
125,125,4.0
126,126,2.0
127,127,5.0
128,128,4.0
129,129,4.0
130,130,5.0
131,131,5.0
132,132,5.0
133,133,4.0
134,134,3.0
135,135,3.0
136,136,3.0
137,137,5.0
138,138,5.0
139,139,5.0
140,140,4.0
141,141,5.0
142,142,4.0
143,143,5.0
144,144,5.0
145,145,5.0
146,146,5.0
147,147,5.0
148,148,4.0
149,149,5.0
150,150,4.0
151,151,5.0
152,152,4.0
153,153,2.0
154,154,5.0
155,155,5.0
156,156,1.0
157,157,5.0
158,158,3.0
159,159,2.0
160,160,5.0
161,161,5.0
162,162,5.0
163,163,5.0
164,164,3.0
165,165,5.0
166,166,5.0
167,167,5.0
168,168,4.0
169,169,4.0
170,170,5.0
171,171,5.0
172,172,5.0
173,173,5.0
174,174,5.0
175,175,5.0
176,176,5.0
177,177,3.0
178,178,4.0
179,179,5.0
180,180,5.0
181,181,4.0
182,182,5.0
183,183,5.0
184,184,5.0
185,185,5.0
186,186,5.0
187,187,1.0
188,188,5.0
189,189,4.0
190,190,5.0
191,191,5.0
192,192,4.0
193,193,1.0
194,194,5.0
195,195,5.0
196,196,4.0
197,197,5.0
198,198,4.0
199,199,5.0
200,200,5.0
201,201,5.0
202,202,5.0
203,203,5.0
204,204,4.0
205,205,5.0
206,206,4.0
207,207,3.0
208,208,5.0
209,209,4.0
210,210,3.0
211,211,3.0
212,212,2.0
213,213,4.0
214,214,4.0
215,215,5.0
216,216,2.0
217,217,4.0
218,218,4.0
219,219,3.0
220,220,5.0
221,221,4.0
222,222,5.0
223,223,4.0
224,224,4.0
225,225,5.0
226,226,5.0
227,227,5.0
228,228,5.0
229,229,5.0
230,230,5.0
231,231,5.0
232,232,5.0
233,233,5.0
234,234,5.0
235,235,5.0
236,236,4.0
237,237,5.0
238,238,5.0
239,239,5.0
240,240,5.0
241,241,4.0
242,242,2.0
243,243,4.0
244,244,1.0
245,245,5.0
246,246,5.0
247,247,5.0
248,248,5.0
249,249,5.0
250,250,5.0
251,251,5.0
252,252,1.0
253,253,4.0
254,254,4.0
255,255,4.0
256,256,5.0
257,257,4.0
258,258,5.0
259,259,2.0
260,260,5.0
261,261,5.0
262,262,4.0
263,263,5.0
264,264,4.0
265,265,4.0
266,266,1.0
267,267,5.0
268,268,5.0
269,269,3.0
270,270,4.0
271,271,5.0
272,272,5.0
273,273,5.0
274,274,5.0
275,275,1.0
276,276,4.0
277,277,4.0
278,278,3.0
279,279,4.0
280,280,4.0
281,281,5.0
282,282,2.0
283,283,4.0
284,284,5.0
285,285,5.0
286,286,5.0
287,287,5.0
288,288,5.0
289,289,5.0
290,290,3.0
291,291,5.0
292,292,4.0
293,293,4.0
294,294,4.0
295,295,5.0
296,296,5.0
297,297,5.0
298,298,5.0
299,299,5.0
300,300,5.0
301,301,5.0
302,302,5.0
303,303,5.0
304,304,2.0
305,305,5.0
306,306,5.0
307,307,5.0
308,308,2.0
309,309,1.0
310,310,1.0
311,311,4.0
312,312,5.0
313,313,5.0
314,314,1.0
315,315,3.0
316,316,4.0
317,317,4.0
318,318,5.0
319,319,5.0
320,320,4.0
321,321,4.0
322,322,5.0
323,323,5.0
324,324,5.0
325,325,5.0
326,326,5.0
327,327,5.0
328,328,5.0
329,329,4.0
330,330,5.0
331,331,5.0
332,332,5.0
333,333,5.0
334,334,5.0
335,335,5.0
336,336,4.0
337,337,5.0
338,338,1.0
339,339,5.0
340,340,5.0
341,341,5.0
342,342,3.0
343,343,1.0
344,344,5.0
345,345,5.0
346,346,5.0
347,347,5.0
348,348,4.0
349,349,4.0
350,350,5.0
351,351,5.0
352,352,4.0
353,353,5.0
354,354,5.0
355,355,5.0
356,356,5.0
357,357,5.0
358,358,3.0
359,359,4.0
360,360,4.0
361,361,5.0
362,362,5.0
363,363,5.0
364,364,4.0
365,365,5.0
366,366,3.0
367,367,5.0
368,368,5.0
369,369,5.0
370,370,5.0
371,371,5.0
372,372,5.0
373,373,5.0
374,374,5.0
375,375,2.0
376,376,5.0
377,377,5.0
378,378,5.0
379,379,4.0
380,380,4.0
381,381,5.0
382,382,3.0
383,383,4.0
384,384,4.0
385,385,5.0
386,386,1.0
387,387,5.0
388,388,5.0
389,389,5.0
390,390,3.0
391,391,5.0
392,392,5.0
393,393,5.0
394,394,5.0
395,395,5.0
396,396,4.0
397,397,5.0
398,398,4.0
399,399,4.0
400,400,3.0
401,401,5.0
402,402,4.0
403,403,4.0
404,404,4.0
405,405,5.0
406,406,5.0
407,407,5.0
408,408,5.0
409,409,4.0
410,410,5.0
411,411,4.0
412,412,4.0
413,413,5.0
414,414,4.0
415,415,4.0
416,416,5.0
417,417,3.0
418,418,5.0
419,419,2.0
420,420,1.0
421,421,3.0
422,422,1.0
423,423,5.0
424,424,5.0
425,425,5.0
426,426,4.0
427,427,4.0
428,428,5.0
429,429,2.0
430,430,2.0
431,431,5.0
432,432,5.0
433,433,4.0
434,434,4.0
435,435,5.0
436,436,2.0
437,437,4.0
438,438,5.0
439,439,5.0
440,440,4.0
441,441,5.0
442,442,5.0
443,443,5.0
444,444,5.0
445,445,4.0
446,446,5.0
447,447,5.0
448,448,5.0
449,449,5.0
450,450,5.0
451,451,5.0
452,452,5.0
453,453,5.0
454,454,5.0
455,455,5.0
456,456,4.0
457,457,4.0
458,458,5.0
459,459,5.0
460,460,5.0
461,461,5.0
462,462,3.0
463,463,1.0
464,464,3.0
465,465,5.0
466,466,5.0
467,467,5.0
468,468,5.0
469,469,4.0
470,470,3.0
471,471,2.0
472,472,5.0
473,473,5.0
474,474,5.0
475,475,5.0
476,476,4.0
477,477,5.0
478,478,5.0
479,479,4.0
480,480,5.0
481,481,4.0
482,482,5.0
483,483,5.0
484,484,5.0
485,485,5.0
486,486,5.0
487,487,4.0
488,488,5.0
489,489,1.0
490,490,4.0
491,491,5.0
492,492,5.0
493,493,3.0
494,494,3.0
495,495,5.0
496,496,4.0
497,497,5.0
498,498,5.0
499,499,3.0
500,500,5.0
501,501,5.0
502,502,4.0
503,503,4.0
504,504,4.0
505,505,3.0
506,506,5.0
507,507,5.0
508,508,5.0
509,509,5.0
510,510,4.0
511,511,5.0
512,512,5.0
513,513,5.0
514,514,5.0
515,515,5.0
516,516,5.0
517,517,5.0
518,518,2.0
519,519,5.0
520,520,5.0
521,521,4.0
522,522,5.0
523,523,4.0
524,524,5.0
525,525,5.0
526,526,3.0
527,527,5.0
528,528,4.0
529,529,4.0
530,530,5.0
531,531,5.0
532,532,1.0
533,533,4.0
534,534,1.0
535,535,5.0
536,536,5.0
537,537,2.0
538,538,5.0
539,539,4.0
540,540,5.0
541,541,5.0
542,542,4.0
543,543,4.0
544,544,4.0
545,545,3.0
546,546,5.0
547,547,5.0
548,548,3.0
549,549,2.0
550,550,5.0
551,551,5.0
552,552,5.0
553,553,5.0
554,554,5.0
555,555,4.0
556,556,5.0
557,557,4.0
558,558,5.0
559,559,5.0
560,560,5.0
561,561,5.0
562,562,5.0
563,563,5.0
564,564,4.0
565,565,4.0
566,566,4.0
567,567,5.0
568,568,5.0
569,569,5.0
570,570,4.0
571,571,4.0
572,572,4.0
573,573,3.0
574,574,4.0
575,575,2.0
576,576,5.0
577,577,1.0
578,578,2.0
579,579,2.0
580,580,4.0
581,581,3.0
582,582,5.0
583,583,5.0
584,584,5.0
585,585,5.0
586,586,3.0
587,587,5.0
588,588,3.0
589,589,4.0
590,590,2.0
591,591,4.0
592,592,5.0
593,593,5.0
594,594,5.0
595,595,5.0
596,596,3.0
597,597,4.0
598,598,5.0
599,599,3.0
600,600,5.0
601,601,5.0
602,602,4.0
603,603,2.0
604,604,5.0
605,605,5.0
606,606,1.0
607,607,5.0
608,608,5.0
609,609,5.0
610,610,5.0
611,611,5.0
612,612,5.0
613,613,5.0
614,614,5.0
615,615,5.0
616,616,5.0
617,617,5.0
618,618,5.0
619,619,5.0
620,620,5.0
621,621,5.0
622,622,3.0
623,623,2.0
624,624,3.0
625,625,3.0
626,626,2.0
627,627,5.0
628,628,3.0
629,629,5.0
630,630,5.0
631,631,5.0
632,632,4.0
633,633,4.0
634,634,5.0
635,635,4.0
636,636,5.0
637,637,3.0
638,638,5.0
639,639,3.0
640,640,5.0
641,641,4.0
642,642,5.0
643,643,4.0
644,644,5.0
645,645,4.0
646,646,3.0
647,647,4.0
648,648,3.0
649,649,3.0
650,650,5.0
651,651,4.0
652,652,3.0
653,653,1.0
654,654,4.0
655,655,4.0
656,656,4.0
657,657,4.0
658,658,5.0
659,659,4.0
660,660,4.0
661,661,4.0
662,662,5.0
663,663,5.0
664,664,4.0
665,665,3.0
666,666,4.0
667,667,1.0
668,668,3.0
669,669,4.0
670,670,4.0
671,671,4.0
672,672,4.0
673,673,4.0
674,674,2.0
675,675,3.0
676,676,3.0
677,677,5.0
678,678,5.0
679,679,5.0
680,680,4.0
681,681,2.0
682,682,4.0
683,683,4.0
684,684,5.0
685,685,5.0
686,686,4.0
687,687,5.0
688,688,5.0
689,689,5.0
690,690,1.0
691,691,4.0
692,692,1.0
693,693,4.0
694,694,4.0
695,695,5.0
696,696,3.0
697,697,3.0
698,698,3.0
699,699,5.0
700,700,5.0
701,701,4.0
702,702,4.0
703,703,4.0
704,704,5.0
705,705,5.0
706,706,5.0
707,707,5.0
708,708,5.0
709,709,4.0
710,710,5.0
711,711,4.0
712,712,5.0
713,713,4.0
714,714,5.0
715,715,5.0
716,716,5.0
717,717,3.0
718,718,2.0
719,719,5.0
720,720,3.0
721,721,3.0
722,722,2.0
723,723,5.0
724,724,4.0
725,725,4.0
726,726,5.0
727,727,5.0
728,728,4.0
729,729,5.0
730,730,5.0
731,731,3.0
732,732,4.0
733,733,2.0
734,734,5.0
735,735,5.0
736,736,5.0
737,737,4.0
738,738,5.0
739,739,5.0
740,740,5.0
741,741,5.0
742,742,4.0
743,743,5.0
744,744,5.0
745,745,5.0
746,746,5.0
747,747,5.0
748,748,5.0
749,749,5.0
750,750,5.0
751,751,4.0
752,752,5.0
753,753,5.0
754,754,5.0
755,755,5.0
756,756,5.0
757,757,5.0
758,758,5.0
759,759,5.0
760,760,4.0
761,761,4.0
762,762,5.0
763,763,4.0
764,764,5.0
765,765,5.0
766,766,5.0
767,767,5.0
768,768,4.0
769,769,5.0
770,770,5.0
771,771,5.0
772,772,3.0
773,773,1.0
774,774,3.0
775,775,1.0
776,776,1.0
777,777,4.0
778,778,4.0
779,779,5.0
780,780,5.0
781,781,5.0
782,782,5.0
783,783,5.0
784,784,5.0
785,785,3.0
786,786,2.0
787,787,1.0
788,788,1.0
789,789,1.0
790,790,3.0
791,791,1.0
792,792,1.0
793,793,1.0
794,794,5.0
795,795,4.0
796,796,3.0
797,797,5.0
798,798,5.0
799,799,5.0
800,800,5.0
801,801,2.0
802,802,5.0
803,803,2.0
804,804,1.0
805,805,5.0
806,806,4.0
807,807,4.0
808,808,5.0
809,809,4.0
810,810,4.0
811,811,5.0
812,812,5.0
813,813,5.0
814,814,4.0
815,815,5.0
816,816,5.0
817,817,5.0
818,818,5.0
819,819,5.0
820,820,5.0
821,821,4.0
822,822,5.0
823,823,5.0
824,824,3.0
825,825,2.0
826,826,5.0
827,827,3.0
828,828,4.0
829,829,5.0
830,830,5.0
831,831,4.0
832,832,5.0
833,833,5.0
834,834,3.0
835,835,3.0
836,836,5.0
837,837,3.0
838,838,4.0
839,839,5.0
840,840,1.0
841,841,5.0
842,842,5.0
843,843,5.0
844,844,5.0
845,845,5.0
846,846,5.0
847,847,3.0
848,848,3.0
849,849,5.0
850,850,4.0
851,851,3.0
852,852,3.0
853,853,5.0
854,854,2.0
855,855,2.0
856,856,1.0
857,857,4.0
858,858,1.0
859,859,1.0
860,860,1.0
861,861,3.0
862,862,2.0
863,863,1.0
864,864,5.0
865,865,3.0
866,866,5.0
867,867,5.0
868,868,4.0
869,869,5.0
870,870,5.0
871,871,3.0
872,872,5.0
873,873,4.0
874,874,5.0
875,875,4.0
876,876,5.0
877,877,3.0
878,878,1.0
879,879,3.0
880,880,5.0
881,881,5.0
882,882,3.0
883,883,4.0
884,884,5.0
885,885,4.0
886,886,5.0
887,887,5.0
888,888,5.0
889,889,3.0
890,890,5.0
891,891,4.0
892,892,5.0
893,893,5.0
894,894,5.0
895,895,1.0
896,896,3.0
897,897,1.0
898,898,4.0
899,899,4.0
900,900,4.0
901,901,5.0
902,902,4.0
903,903,5.0
904,904,2.0
905,905,5.0
906,906,5.0
907,907,4.0
908,908,5.0
909,909,4.0
910,910,4.0
911,911,4.0
912,912,5.0
913,913,5.0
914,914,4.0
915,915,3.0
916,916,5.0
917,917,5.0
918,918,5.0
919,919,5.0
920,920,5.0
921,921,5.0
922,922,5.0
923,923,5.0
924,924,5.0
925,925,5.0
926,926,5.0
927,927,5.0
928,928,5.0
929,929,5.0
930,930,5.0
931,931,5.0
932,932,3.0
933,933,4.0
934,934,4.0
935,935,2.0
936,936,3.0
937,937,4.0
938,938,2.0
939,939,5.0
940,940,5.0
941,941,5.0
942,942,5.0
943,943,5.0
944,944,5.0
945,945,5.0
946,946,5.0
947,947,5.0
948,948,5.0
949,949,5.0
950,950,5.0
951,951,5.0
952,952,5.0
953,953,5.0
954,954,5.0
955,955,4.0
956,956,5.0
957,957,5.0
958,958,5.0
959,959,5.0
960,960,5.0
961,961,5.0
962,962,5.0
963,963,5.0
964,964,5.0
965,965,4.0
966,966,3.0
967,967,2.0
968,968,4.0
969,969,5.0
970,970,3.0
971,971,2.0
972,972,1.0
973,973,3.0
974,974,4.0
975,975,3.0
976,976,5.0
977,977,5.0
978,978,5.0
979,979,5.0
980,980,5.0
981,981,5.0
982,982,5.0
983,983,5.0
984,984,5.0
985,985,5.0
986,986,4.0
987,987,5.0
988,988,3.0
989,989,4.0
990,990,5.0
991,991,4.0
992,992,4.0
993,993,3.0
994,994,5.0
995,995,4.0
996,996,1.0
997,997,2.0
998,998,2.0
999,999,2.0
1000,1000,2.0
1001,1001,1.0
1002,1002,1.0
1003,1003,2.0
1004,1004,1.0
1005,1005,5.0
1006,1006,4.0
1007,1007,5.0
1008,1008,5.0
1009,1009,5.0
1010,1010,5.0
1011,1011,5.0
1012,1012,3.0
1013,1013,5.0
1014,1014,5.0
1015,1015,5.0
1016,1016,5.0
1017,1017,5.0
1018,1018,5.0
1019,1019,5.0
1020,1020,5.0
1021,1021,5.0
1022,1022,5.0
1023,1023,5.0
1024,1024,5.0
1025,1025,5.0
1026,1026,4.0
1027,1027,4.0
1028,1028,3.0
1029,1029,3.0
1030,1030,3.0
1031,1031,3.0
1032,1032,5.0
1033,1033,5.0
1034,1034,4.0
1035,1035,5.0
1036,1036,5.0
1037,1037,5.0
1038,1038,5.0
1039,1039,4.0
1040,1040,4.0
1041,1041,5.0
1042,1042,5.0
1043,1043,5.0
1044,1044,5.0
1045,1045,5.0
1046,1046,5.0
1047,1047,5.0
1048,1048,5.0
1049,1049,5.0
1050,1050,5.0
1051,1051,5.0
1052,1052,5.0
1053,1053,3.0
1054,1054,5.0
1055,1055,5.0
1056,1056,4.0
1057,1057,5.0
1058,1058,5.0
1059,1059,5.0
1060,1060,5.0
1061,1061,5.0
1062,1062,5.0
1063,1063,5.0
1064,1064,5.0
1065,1065,5.0
1066,1066,5.0
1067,1067,5.0
1068,1068,5.0
1069,1069,5.0
1070,1070,5.0
1071,1071,5.0
1072,1072,5.0
1073,1073,3.0
1074,1074,5.0
1075,1075,5.0
1076,1076,5.0
1077,1077,5.0
1078,1078,5.0
1079,1079,5.0
1080,1080,5.0
1081,1081,5.0
1082,1082,5.0
1083,1083,5.0
1084,1084,5.0
1085,1085,5.0
1086,1086,5.0
1087,1087,5.0
1088,1088,4.0
1089,1089,5.0
1090,1090,5.0
1091,1091,5.0
1092,1092,5.0
1093,1093,4.0
1094,1094,5.0
1095,1095,5.0
1096,1096,5.0
1097,1097,5.0
1098,1098,5.0
1099,1099,5.0
1100,1100,5.0
1101,1101,5.0
1102,1102,1.0
1103,1103,1.0
1104,1104,1.0
1105,1105,1.0
1106,1106,1.0
1107,1107,1.0
1108,1108,1.0
1109,1109,1.0
1110,1110,5.0
1111,1111,5.0
1112,1112,5.0
1113,1113,5.0
1114,1114,5.0
1115,1115,5.0
1116,1116,4.0
1117,1117,5.0
1118,1118,5.0
1119,1119,5.0
1120,1120,5.0
1121,1121,5.0
1122,1122,4.0
1123,1123,5.0
1124,1124,5.0
1125,1125,5.0
1126,1126,4.0
1127,1127,5.0
1128,1128,4.0
1129,1129,5.0
1130,1130,5.0
1131,1131,5.0
1132,1132,5.0
1133,1133,4.0
1134,1134,4.0
1135,1135,5.0
1136,1136,5.0
1137,1137,5.0
1138,1138,4.0
1139,1139,5.0
1140,1140,5.0
1141,1141,5.0
1142,1142,5.0
1143,1143,5.0
1144,1144,5.0
1145,1145,5.0
1146,1146,5.0
1147,1147,5.0
1148,1148,5.0
1149,1149,5.0
1150,1150,5.0
1151,1151,4.0
1152,1152,5.0
1153,1153,5.0
1154,1154,5.0
1155,1155,5.0
1156,1156,5.0
1157,1157,5.0
1158,1158,5.0
1159,1159,5.0
1160,1160,5.0
1161,1161,4.0
1162,1162,5.0
1163,1163,5.0
1164,1164,5.0
1165,1165,5.0
1166,1166,5.0
1167,1167,5.0
1168,1168,5.0
1169,1169,4.0
1170,1170,4.0
1171,1171,5.0
1172,1172,4.0
1173,1173,5.0
1174,1174,3.0
1175,1175,5.0
1176,1176,5.0
1177,1177,4.0
1178,1178,5.0
1179,1179,3.0
1180,1180,5.0
1181,1181,5.0
1182,1182,5.0
1183,1183,5.0
1184,1184,5.0
1185,1185,5.0
1186,1186,5.0
1187,1187,3.0
1188,1188,4.0
1189,1189,5.0
1190,1190,5.0
1191,1191,5.0
1192,1192,5.0
1193,1193,5.0
1194,1194,5.0
1195,1195,5.0
1196,1196,5.0
1197,1197,5.0
1198,1198,5.0
1199,1199,5.0
1200,1200,5.0
1201,1201,5.0
1202,1202,5.0
1203,1203,5.0
1204,1204,5.0
1205,1205,5.0
1206,1206,5.0
1207,1207,5.0
1208,1208,4.0
1209,1209,5.0
1210,1210,5.0
1211,1211,5.0
1212,1212,4.0
1213,1213,5.0
1214,1214,5.0
1215,1215,5.0
1216,1216,1.0
1217,1217,1.0
1218,1218,1.0
1219,1219,1.0
1220,1220,1.0
1221,1221,1.0
1222,1222,1.0
1223,1223,1.0
1224,1224,1.0
1225,1225,1.0
1226,1226,3.0
1227,1227,5.0
1228,1228,1.0
1229,1229,5.0
1230,1230,5.0
1231,1231,3.0
1232,1232,4.0
1233,1233,3.0
1234,1234,5.0
1235,1235,4.0
1236,1236,5.0
1237,1237,5.0
1238,1238,5.0
1239,1239,5.0
1240,1240,5.0
1241,1241,4.0
1242,1242,5.0
1243,1243,5.0
1244,1244,5.0
1245,1245,5.0
1246,1246,5.0
1247,1247,5.0
1248,1248,5.0
1249,1249,5.0
1250,1250,4.0
1251,1251,5.0
1252,1252,4.0
1253,1253,3.0
1254,1254,2.0
1255,1255,4.0
1256,1256,4.0
1257,1257,1.0
1258,1258,2.0
1259,1259,5.0
1260,1260,4.0
1261,1261,5.0
1262,1262,5.0
1263,1263,5.0
1264,1264,5.0
1265,1265,5.0
1266,1266,5.0
1267,1267,5.0
1268,1268,4.0
1269,1269,5.0
1270,1270,5.0
1271,1271,5.0
1272,1272,2.0
1273,1273,1.0
1274,1274,5.0
1275,1275,5.0
1276,1276,5.0
1277,1277,4.0
1278,1278,4.0
1279,1279,5.0
1280,1280,5.0
1281,1281,5.0
1282,1282,3.0
1283,1283,5.0
1284,1284,4.0
1285,1285,3.0
1286,1286,5.0
1287,1287,4.0
1288,1288,2.0
1289,1289,4.0
1290,1290,5.0
1291,1291,5.0
1292,1292,2.0
1293,1293,2.0
1294,1294,4.0
1295,1295,5.0
1296,1296,1.0
1297,1297,3.0
1298,1298,1.0
1299,1299,3.0
1300,1300,4.0
1301,1301,1.0
1302,1302,1.0
1303,1303,2.0
1304,1304,5.0
1305,1305,4.0
1306,1306,1.0
1307,1307,1.0
1308,1308,4.0
1309,1309,1.0
1310,1310,4.0
1311,1311,5.0
1312,1312,1.0
1313,1313,1.0
1314,1314,5.0
1315,1315,2.0
1316,1316,5.0
1317,1317,4.0
1318,1318,1.0
1319,1319,4.0
1320,1320,2.0
1321,1321,1.0
1322,1322,1.0
1323,1323,3.0
1324,1324,2.0
1325,1325,1.0
1326,1326,1.0
1327,1327,2.0
1328,1328,1.0
1329,1329,2.0
1330,1330,1.0
1331,1331,1.0
1332,1332,1.0
1333,1333,1.0
1334,1334,4.0
1335,1335,3.0
1336,1336,3.0
1337,1337,1.0
1338,1338,1.0
1339,1339,1.0
1340,1340,4.0
1341,1341,5.0
1342,1342,1.0
1343,1343,1.0
1344,1344,1.0
1345,1345,1.0
1346,1346,3.0
1347,1347,1.0
1348,1348,4.0
1349,1349,1.0
1350,1350,2.0
1351,1351,1.0
1352,1352,5.0
1353,1353,2.0
1354,1354,5.0
1355,1355,5.0
1356,1356,5.0
1357,1357,5.0
1358,1358,5.0
1359,1359,5.0
1360,1360,4.0
1361,1361,4.0
1362,1362,1.0
1363,1363,1.0
1364,1364,3.0
1365,1365,5.0
1366,1366,3.0
1367,1367,3.0
1368,1368,5.0
1369,1369,5.0
1370,1370,2.0
1371,1371,4.0
1372,1372,5.0
1373,1373,5.0
1374,1374,5.0
1375,1375,2.0
1376,1376,5.0
1377,1377,5.0
1378,1378,4.0
1379,1379,5.0
1380,1380,1.0
1381,1381,1.0
1382,1382,1.0
1383,1383,2.0
1384,1384,1.0
1385,1385,4.0
1386,1386,5.0
1387,1387,5.0
1388,1388,3.0
1389,1389,5.0
1390,1390,3.0
1391,1391,5.0
1392,1392,4.0
1393,1393,5.0
1394,1394,5.0
1395,1395,4.0
1396,1396,3.0
1397,1397,3.0
1398,1398,5.0
1399,1399,5.0
1400,1400,3.0
1401,1401,5.0
1402,1402,3.0
1403,1403,1.0
1404,1404,1.0
1405,1405,1.0
1406,1406,2.0
1407,1407,2.0
1408,1408,2.0
1409,1409,1.0
1410,1410,1.0
1411,1411,3.0
1412,1412,1.0
1413,1413,5.0
1414,1414,3.0
1415,1415,1.0
1416,1416,3.0
1417,1417,2.0
1418,1418,5.0
1419,1419,2.0
1420,1420,3.0
1421,1421,5.0
1422,1422,2.0
1423,1423,2.0
1424,1424,5.0
1425,1425,5.0
1426,1426,5.0
1427,1427,4.0
1428,1428,5.0
1429,1429,5.0
1430,1430,5.0
1431,1431,5.0
1432,1432,4.0
1433,1433,4.0
1434,1434,5.0
1435,1435,3.0
1436,1436,3.0
1437,1437,5.0
1438,1438,4.0
1439,1439,5.0
1440,1440,5.0
1441,1441,3.0
1442,1442,2.0
1443,1443,5.0
1444,1444,5.0
1445,1445,3.0
1446,1446,5.0
1447,1447,4.0
1448,1448,5.0
1449,1449,5.0
1450,1450,5.0
1451,1451,5.0
1452,1452,4.0
1453,1453,5.0
1454,1454,4.0
1455,1455,5.0
1456,1456,5.0
1457,1457,4.0
1458,1458,2.0
1459,1459,5.0
1460,1460,4.0
1461,1461,5.0
1462,1462,3.0
1463,1463,4.0
1464,1464,4.0
1465,1465,3.0
1466,1466,4.0
1467,1467,5.0
1468,1468,3.0
1469,1469,5.0
1470,1470,4.0
1471,1471,5.0
1472,1472,5.0
1473,1473,5.0
1474,1474,5.0
1475,1475,5.0
1476,1476,3.0
1477,1477,5.0
1478,1478,5.0
1479,1479,5.0
1480,1480,5.0
1481,1481,5.0
1482,1482,4.0
1483,1483,2.0
1484,1484,5.0
1485,1485,4.0
1486,1486,5.0
1487,1487,5.0
1488,1488,5.0
1489,1489,5.0
1490,1490,5.0
1491,1491,5.0
1492,1492,5.0
1493,1493,5.0
1494,1494,3.0
1495,1495,3.0
1496,1496,4.0
1497,1497,5.0
1498,1498,5.0
1499,1499,5.0
1500,1500,5.0
1501,1501,5.0
1502,1502,5.0
1503,1503,3.0
1504,1504,4.0
1505,1505,5.0
1506,1506,2.0
1507,1507,4.0
1508,1508,5.0
1509,1509,2.0
1510,1510,3.0
1511,1511,4.0
1512,1512,3.0
1513,1513,4.0
1514,1514,5.0
1515,1515,4.0
1516,1516,5.0
1517,1517,5.0
1518,1518,3.0
1519,1519,1.0
1520,1520,4.0
1521,1521,4.0
1522,1522,4.0
1523,1523,5.0
1524,1524,5.0
1525,1525,4.0
1526,1526,5.0
1527,1527,5.0
1528,1528,5.0
1529,1529,4.0
1530,1530,5.0
1531,1531,5.0
1532,1532,5.0
1533,1533,2.0
1534,1534,5.0
1535,1535,4.0
1536,1536,5.0
1537,1537,5.0
1538,1538,4.0
1539,1539,4.0
1540,1540,5.0
1541,1541,5.0
1542,1542,5.0
1543,1543,5.0
1544,1544,1.0
1545,1545,1.0
1546,1546,1.0
1547,1547,2.0
1548,1548,1.0
1549,1549,3.0
1550,1550,3.0
1551,1551,3.0
1552,1552,4.0
1553,1553,4.0
1554,1554,5.0
1555,1555,4.0
1556,1556,4.0
1557,1557,5.0
1558,1558,5.0
1559,1559,5.0
1560,1560,5.0
1561,1561,5.0
1562,1562,5.0
1563,1563,4.0
1564,1564,5.0
1565,1565,4.0
1566,1566,5.0
1567,1567,2.0
1568,1568,5.0
1569,1569,5.0
1570,1570,5.0
1571,1571,4.0
1572,1572,5.0
1573,1573,5.0
1574,1574,4.0
1575,1575,4.0
1576,1576,4.0
1577,1577,5.0
1578,1578,5.0
1579,1579,5.0
1580,1580,5.0
1581,1581,5.0
1582,1582,5.0
1583,1583,5.0
1584,1584,5.0
1585,1585,3.0
1586,1586,5.0
1587,1587,5.0
1588,1588,5.0
1589,1589,5.0
1590,1590,4.0
1591,1591,5.0
1592,1592,5.0
1593,1593,5.0
1594,1594,3.0
1595,1595,5.0
1596,1596,3.0
1597,1597,5.0
1598,1598,5.0
1599,1599,4.0
1600,1600,5.0
1601,1601,4.0
1602,1602,4.0
1603,1603,4.0
1604,1604,4.0
1605,1605,4.0
1606,1606,5.0
1607,1607,1.0
1608,1608,1.0
1609,1609,1.0
1610,1610,1.0
1611,1611,4.0
1612,1612,3.0
1613,1613,5.0
1614,1614,4.0
1615,1615,5.0
1616,1616,4.0
1617,1617,5.0
1618,1618,4.0
1619,1619,5.0
1620,1620,4.0
1621,1621,3.0
1622,1622,4.0
1623,1623,5.0
1624,1624,1.0
1625,1625,3.0
1626,1626,3.0
1627,1627,4.0
1628,1628,3.0
1629,1629,5.0
1630,1630,5.0
1631,1631,5.0
1632,1632,4.0
1633,1633,5.0
1634,1634,3.0
1635,1635,2.0
1636,1636,1.0
1637,1637,5.0
1638,1638,5.0
1639,1639,1.0
1640,1640,2.0
1641,1641,1.0
1642,1642,2.0
1643,1643,4.0
1644,1644,3.0
1645,1645,5.0
1646,1646,5.0
1647,1647,1.0
1648,1648,1.0
1649,1649,2.0
1650,1650,5.0
1651,1651,5.0
1652,1652,3.0
1653,1653,3.0
1654,1654,3.0
1655,1655,5.0
1656,1656,5.0
1657,1657,4.0
1658,1658,1.0
1659,1659,1.0
1660,1660,5.0
1661,1661,4.0
1662,1662,5.0
1663,1663,5.0
1664,1664,5.0
1665,1665,5.0
1666,1666,3.0
1667,1667,5.0
1668,1668,5.0
1669,1669,4.0
1670,1670,4.0
1671,1671,4.0
1672,1672,4.0
1673,1673,4.0
1674,1674,5.0
1675,1675,4.0
1676,1676,5.0
1677,1677,4.0
1678,1678,3.0
1679,1679,4.0
1680,1680,4.0
1681,1681,4.0
1682,1682,5.0
1683,1683,3.0
1684,1684,2.0
1685,1685,5.0
1686,1686,3.0
1687,1687,3.0
1688,1688,4.0
1689,1689,5.0
1690,1690,4.0
1691,1691,4.0
1692,1692,5.0
1693,1693,4.0
1694,1694,2.0
1695,1695,4.0
1696,1696,4.0
1697,1697,5.0
1698,1698,5.0
1699,1699,5.0
1700,1700,5.0
1701,1701,2.0
1702,1702,4.0
1703,1703,5.0
1704,1704,5.0
1705,1705,5.0
1706,1706,5.0
1707,1707,4.0
1708,1708,5.0
1709,1709,4.0
1710,1710,5.0
1711,1711,4.0
1712,1712,5.0
1713,1713,4.0
1714,1714,2.0
1715,1715,3.0
1716,1716,4.0
1717,1717,3.0
1718,1718,5.0
1719,1719,3.0
1720,1720,5.0
1721,1721,3.0
1722,1722,5.0
1723,1723,5.0
1724,1724,4.0
1725,1725,3.0
1726,1726,4.0
1727,1727,5.0
1728,1728,5.0
1729,1729,5.0
1730,1730,5.0
1731,1731,5.0
1732,1732,5.0
1733,1733,5.0
1734,1734,5.0
1735,1735,3.0
1736,1736,5.0
1737,1737,5.0
1738,1738,5.0
1739,1739,4.0
1740,1740,4.0
1741,1741,1.0
1742,1742,3.0
1743,1743,5.0
1744,1744,1.0
1745,1745,4.0
1746,1746,4.0
1747,1747,1.0
1748,1748,1.0
1749,1749,2.0
1750,1750,3.0
1751,1751,2.0
1752,1752,5.0
1753,1753,4.0
1754,1754,5.0
1755,1755,5.0
1756,1756,2.0
1757,1757,3.0
1758,1758,3.0
1759,1759,5.0
1760,1760,5.0
1761,1761,5.0
1762,1762,3.0
1763,1763,5.0
1764,1764,5.0
1765,1765,5.0
1766,1766,4.0
1767,1767,5.0
1768,1768,5.0
1769,1769,3.0
1770,1770,3.0
1771,1771,3.0
1772,1772,5.0
1773,1773,5.0
1774,1774,4.0
1775,1775,1.0
1776,1776,1.0
1777,1777,4.0
1778,1778,1.0
1779,1779,1.0
1780,1780,5.0
1781,1781,3.0
1782,1782,1.0
1783,1783,1.0
1784,1784,1.0
1785,1785,1.0
1786,1786,1.0
1787,1787,5.0
1788,1788,2.0
1789,1789,1.0
1790,1790,3.0
1791,1791,3.0
1792,1792,3.0
1793,1793,3.0
1794,1794,5.0
1795,1795,3.0
1796,1796,3.0
1797,1797,5.0
1798,1798,5.0
1799,1799,4.0
1800,1800,5.0
1801,1801,4.0
1802,1802,5.0
1803,1803,5.0
1804,1804,5.0
1805,1805,5.0
1806,1806,4.0
1807,1807,5.0
1808,1808,5.0
1809,1809,5.0
1810,1810,5.0
1811,1811,4.0
1812,1812,4.0
1813,1813,3.0
1814,1814,3.0
1815,1815,5.0
1816,1816,5.0
1817,1817,5.0
1818,1818,4.0
1819,1819,5.0
1820,1820,5.0
1821,1821,5.0
1822,1822,5.0
1823,1823,5.0
1824,1824,2.0
1825,1825,5.0
1826,1826,3.0
1827,1827,5.0
1828,1828,5.0
1829,1829,4.0
1830,1830,4.0
1831,1831,5.0
1832,1832,5.0
1833,1833,4.0
1834,1834,5.0
1835,1835,1.0
1836,1836,4.0
1837,1837,4.0
1838,1838,5.0
1839,1839,2.0
1840,1840,4.0
1841,1841,5.0
1842,1842,4.0
1843,1843,4.0
1844,1844,3.0
1845,1845,2.0
1846,1846,2.0
1847,1847,3.0
1848,1848,2.0
1849,1849,5.0
1850,1850,4.0
1851,1851,4.0
1852,1852,5.0
1853,1853,5.0
1854,1854,4.0
1855,1855,4.0
1856,1856,2.0
1857,1857,4.0
1858,1858,2.0
1859,1859,3.0
1860,1860,2.0
1861,1861,5.0
1862,1862,4.0
1863,1863,5.0
1864,1864,5.0
1865,1865,5.0
1866,1866,5.0
1867,1867,2.0
1868,1868,1.0
1869,1869,1.0
1870,1870,1.0
1871,1871,1.0
1872,1872,5.0
1873,1873,2.0
1874,1874,1.0
1875,1875,3.0
1876,1876,3.0
1877,1877,5.0
1878,1878,2.0
1879,1879,1.0
1880,1880,1.0
1881,1881,5.0
1882,1882,3.0
1883,1883,5.0
1884,1884,1.0
1885,1885,5.0
1886,1886,4.0
1887,1887,5.0
1888,1888,2.0
1889,1889,5.0
1890,1890,5.0
1891,1891,5.0
1892,1892,3.0
1893,1893,5.0
1894,1894,5.0
1895,1895,5.0
1896,1896,4.0
1897,1897,5.0
1898,1898,5.0
1899,1899,5.0
1900,1900,5.0
1901,1901,5.0
1902,1902,5.0
1903,1903,5.0
1904,1904,4.0
1905,1905,5.0
1906,1906,5.0
1907,1907,5.0
1908,1908,4.0
1909,1909,3.0
1910,1910,5.0
1911,1911,5.0
1912,1912,4.0
1913,1913,5.0
1914,1914,3.0
1915,1915,4.0
1916,1916,1.0
1917,1917,5.0
1918,1918,5.0
1919,1919,5.0
1920,1920,4.0
1921,1921,5.0
1922,1922,5.0
1923,1923,5.0
1924,1924,5.0
1925,1925,5.0
1926,1926,5.0
1927,1927,2.0
1928,1928,3.0
1929,1929,4.0
1930,1930,4.0
1931,1931,4.0
1932,1932,5.0
1933,1933,5.0
1934,1934,4.0
1935,1935,5.0
1936,1936,4.0
1937,1937,5.0
1938,1938,4.0
1939,1939,5.0
1940,1940,4.0
1941,1941,5.0
1942,1942,5.0
1943,1943,5.0
1944,1944,5.0
1945,1945,2.0
1946,1946,3.0
1947,1947,3.0
1948,1948,5.0
1949,1949,5.0
1950,1950,4.0
1951,1951,5.0
1952,1952,5.0
1953,1953,5.0
1954,1954,5.0
1955,1955,4.0
1956,1956,3.0
1957,1957,4.0
1958,1958,2.0
1959,1959,5.0
1960,1960,5.0
1961,1961,5.0
1962,1962,5.0
1963,1963,4.0
1964,1964,5.0
1965,1965,5.0
1966,1966,5.0
1967,1967,5.0
1968,1968,5.0
1969,1969,4.0
1970,1970,5.0
1971,1971,5.0
1972,1972,5.0
1973,1973,3.0
1974,1974,4.0
1975,1975,2.0
1976,1976,3.0
1977,1977,5.0
1978,1978,4.0
1979,1979,1.0
1980,1980,3.0
1981,1981,3.0
1982,1982,3.0
1983,1983,4.0
1984,1984,4.0
1985,1985,4.0
1986,1986,5.0
1987,1987,4.0
1988,1988,4.0
1989,1989,1.0
1990,1990,1.0
1991,1991,1.0
1992,1992,3.0
1993,1993,1.0
1994,1994,5.0
1995,1995,4.0
1996,1996,5.0
1997,1997,5.0
1998,1998,5.0
1999,1999,5.0
2000,2000,4.0
2001,2001,4.0
2002,2002,4.0
2003,2003,4.0
2004,2004,4.0
2005,2005,3.0
2006,2006,5.0
2007,2007,5.0
2008,2008,4.0
2009,2009,4.0
2010,2010,5.0
2011,2011,5.0
2012,2012,5.0
2013,2013,5.0
2014,2014,4.0
2015,2015,5.0
2016,2016,5.0
2017,2017,5.0
2018,2018,4.0
2019,2019,4.0
2020,2020,4.0
2021,2021,5.0
2022,2022,4.0
2023,2023,2.0
2024,2024,5.0
2025,2025,5.0
2026,2026,5.0
2027,2027,5.0
2028,2028,5.0
2029,2029,5.0
2030,2030,5.0
2031,2031,5.0
2032,2032,5.0
2033,2033,5.0
2034,2034,4.0
2035,2035,5.0
2036,2036,5.0
2037,2037,5.0
2038,2038,5.0
2039,2039,4.0
2040,2040,2.0
2041,2041,3.0
2042,2042,4.0
2043,2043,5.0
2044,2044,5.0
2045,2045,4.0
2046,2046,5.0
2047,2047,5.0
2048,2048,5.0
2049,2049,1.0
2050,2050,5.0
2051,2051,3.0
2052,2052,4.0
2053,2053,2.0
2054,2054,5.0
2055,2055,5.0
2056,2056,5.0
2057,2057,5.0
2058,2058,1.0
2059,2059,5.0
2060,2060,5.0
2061,2061,4.0
2062,2062,5.0
2063,2063,5.0
2064,2064,4.0
2065,2065,4.0
2066,2066,3.0
2067,2067,3.0
2068,2068,5.0
2069,2069,1.0
2070,2070,5.0
2071,2071,1.0
2072,2072,4.0
2073,2073,4.0
2074,2074,2.0
2075,2075,2.0
2076,2076,5.0
2077,2077,5.0
2078,2078,5.0
2079,2079,5.0
2080,2080,5.0
2081,2081,5.0
2082,2082,1.0
2083,2083,3.0
2084,2084,4.0
2085,2085,5.0
2086,2086,5.0
2087,2087,1.0
2088,2088,5.0
2089,2089,5.0
2090,2090,5.0
2091,2091,5.0
2092,2092,5.0
2093,2093,5.0
2094,2094,5.0
2095,2095,5.0
2096,2096,5.0
2097,2097,5.0
2098,2098,5.0
2099,2099,5.0
2100,2100,5.0
2101,2101,4.0
2102,2102,5.0
2103,2103,5.0
2104,2104,5.0
2105,2105,5.0
2106,2106,3.0
2107,2107,5.0
2108,2108,5.0
2109,2109,5.0
2110,2110,1.0
2111,2111,2.0
2112,2112,4.0
2113,2113,5.0
2114,2114,2.0
2115,2115,2.0
2116,2116,5.0
2117,2117,5.0
2118,2118,5.0
2119,2119,5.0
2120,2120,5.0
2121,2121,5.0
2122,2122,5.0
2123,2123,4.0
2124,2124,5.0
2125,2125,4.0
2126,2126,5.0
2127,2127,3.0
2128,2128,4.0
2129,2129,4.0
2130,2130,5.0
2131,2131,5.0
2132,2132,4.0
2133,2133,5.0
2134,2134,4.0
2135,2135,5.0
2136,2136,5.0
2137,2137,4.0
2138,2138,5.0
2139,2139,4.0
2140,2140,5.0
2141,2141,4.0
2142,2142,5.0
2143,2143,4.0
2144,2144,5.0
2145,2145,4.0
2146,2146,5.0
2147,2147,5.0
2148,2148,3.0
2149,2149,2.0
2150,2150,3.0
2151,2151,5.0
2152,2152,5.0
2153,2153,5.0
2154,2154,1.0
2155,2155,5.0
2156,2156,5.0
2157,2157,4.0
2158,2158,1.0
2159,2159,3.0
2160,2160,5.0
2161,2161,5.0
2162,2162,5.0
2163,2163,4.0
2164,2164,5.0
2165,2165,1.0
2166,2166,4.0
2167,2167,5.0
2168,2168,5.0
2169,2169,4.0
2170,2170,5.0
2171,2171,4.0
2172,2172,5.0
2173,2173,5.0
2174,2174,3.0
2175,2175,5.0
2176,2176,5.0
2177,2177,5.0
2178,2178,4.0
2179,2179,1.0
2180,2180,2.0
2181,2181,3.0
2182,2182,4.0
2183,2183,4.0
2184,2184,4.0
2185,2185,4.0
2186,2186,5.0
2187,2187,5.0
2188,2188,3.0
2189,2189,4.0
2190,2190,4.0
2191,2191,4.0
2192,2192,5.0
2193,2193,4.0
2194,2194,5.0
2195,2195,5.0
2196,2196,5.0
2197,2197,3.0
2198,2198,4.0
2199,2199,4.0
2200,2200,4.0
2201,2201,4.0
2202,2202,3.0
2203,2203,4.0
2204,2204,4.0
2205,2205,3.0
2206,2206,3.0
2207,2207,5.0
2208,2208,4.0
2209,2209,4.0
2210,2210,1.0
2211,2211,4.0
2212,2212,3.0
2213,2213,4.0
2214,2214,4.0
2215,2215,5.0
2216,2216,5.0
2217,2217,5.0
2218,2218,5.0
2219,2219,5.0
2220,2220,5.0
2221,2221,5.0
2222,2222,1.0
2223,2223,5.0
2224,2224,5.0
2225,2225,5.0
2226,2226,5.0
2227,2227,5.0
2228,2228,5.0
2229,2229,5.0
2230,2230,4.0
2231,2231,5.0
2232,2232,5.0
2233,2233,5.0
2234,2234,5.0
2235,2235,5.0
2236,2236,5.0
2237,2237,5.0
2238,2238,5.0
2239,2239,5.0
2240,2240,5.0
2241,2241,3.0
2242,2242,5.0
2243,2243,5.0
2244,2244,5.0
2245,2245,5.0
2246,2246,5.0
2247,2247,5.0
2248,2248,5.0
2249,2249,2.0
2250,2250,4.0
2251,2251,5.0
2252,2252,4.0
2253,2253,4.0
2254,2254,5.0
2255,2255,5.0
2256,2256,5.0
2257,2257,5.0
2258,2258,4.0
2259,2259,5.0
2260,2260,5.0
2261,2261,5.0
2262,2262,5.0
2263,2263,4.0
2264,2264,4.0
2265,2265,5.0
2266,2266,3.0
2267,2267,1.0
2268,2268,5.0
2269,2269,5.0
2270,2270,5.0
2271,2271,4.0
2272,2272,5.0
2273,2273,5.0
2274,2274,5.0
2275,2275,5.0
2276,2276,3.0
2277,2277,4.0
2278,2278,3.0
2279,2279,4.0
2280,2280,4.0
2281,2281,5.0
2282,2282,5.0
2283,2283,4.0
2284,2284,5.0
2285,2285,4.0
2286,2286,5.0
2287,2287,5.0
2288,2288,5.0
2289,2289,5.0
2290,2290,5.0
2291,2291,5.0
2292,2292,5.0
2293,2293,3.0
2294,2294,5.0
2295,2295,3.0
2296,2296,5.0
2297,2297,3.0
2298,2298,3.0
2299,2299,5.0
2300,2300,1.0
2301,2301,5.0
2302,2302,5.0
2303,2303,3.0
2304,2304,5.0
2305,2305,2.0
2306,2306,5.0
2307,2307,5.0
2308,2308,5.0
2309,2309,5.0
2310,2310,4.0
2311,2311,5.0
2312,2312,5.0
2313,2313,5.0
2314,2314,5.0
2315,2315,5.0
2316,2316,5.0
2317,2317,5.0
2318,2318,5.0
2319,2319,5.0
2320,2320,5.0
2321,2321,5.0
2322,2322,5.0
2323,2323,4.0
2324,2324,5.0
2325,2325,4.0
2326,2326,5.0
2327,2327,4.0
2328,2328,4.0
2329,2329,1.0
2330,2330,4.0
2331,2331,4.0
2332,2332,5.0
2333,2333,4.0
2334,2334,5.0
2335,2335,5.0
2336,2336,3.0
2337,2337,5.0
2338,2338,4.0
2339,2339,5.0
2340,2340,1.0
2341,2341,3.0
2342,2342,5.0
2343,2343,2.0
2344,2344,4.0
2345,2345,5.0
2346,2346,3.0
2347,2347,4.0
2348,2348,3.0
2349,2349,5.0
2350,2350,4.0
2351,2351,4.0
2352,2352,1.0
2353,2353,1.0
2354,2354,1.0
2355,2355,2.0
2356,2356,1.0
2357,2357,2.0
2358,2358,5.0
2359,2359,1.0
2360,2360,5.0
2361,2361,5.0
2362,2362,2.0
2363,2363,2.0
2364,2364,4.0
2365,2365,3.0
2366,2366,5.0
2367,2367,5.0
2368,2368,5.0
2369,2369,4.0
2370,2370,5.0
2371,2371,5.0
2372,2372,3.0
2373,2373,5.0
2374,2374,5.0
2375,2375,5.0
2376,2376,5.0
2377,2377,5.0
2378,2378,4.0
2379,2379,2.0
2380,2380,5.0
2381,2381,1.0
2382,2382,5.0
2383,2383,5.0
2384,2384,3.0
2385,2385,3.0
2386,2386,5.0
2387,2387,3.0
2388,2388,4.0
2389,2389,5.0
2390,2390,5.0
2391,2391,2.0
2392,2392,2.0
2393,2393,2.0
2394,2394,2.0
2395,2395,4.0
2396,2396,4.0
2397,2397,4.0
2398,2398,3.0
2399,2399,4.0
2400,2400,4.0
2401,2401,2.0
2402,2402,5.0
2403,2403,3.0
2404,2404,2.0
2405,2405,5.0
2406,2406,2.0
2407,2407,2.0
2408,2408,4.0
2409,2409,4.0
2410,2410,4.0
2411,2411,4.0
2412,2412,5.0
2413,2413,5.0
2414,2414,5.0
2415,2415,5.0
2416,2416,5.0
2417,2417,5.0
2418,2418,5.0
2419,2419,5.0
2420,2420,5.0
2421,2421,4.0
2422,2422,5.0
2423,2423,4.0
2424,2424,5.0
2425,2425,5.0
2426,2426,5.0
2427,2427,5.0
2428,2428,5.0
2429,2429,5.0
2430,2430,5.0
2431,2431,5.0
2432,2432,4.0
2433,2433,3.0
2434,2434,4.0
2435,2435,5.0
2436,2436,3.0
2437,2437,1.0
2438,2438,5.0
2439,2439,5.0
2440,2440,4.0
2441,2441,4.0
2442,2442,5.0
2443,2443,4.0
2444,2444,5.0
2445,2445,4.0
2446,2446,5.0
2447,2447,4.0
2448,2448,5.0
2449,2449,5.0
2450,2450,5.0
2451,2451,3.0
2452,2452,5.0
2453,2453,5.0
2454,2454,4.0
2455,2455,4.0
2456,2456,4.0
2457,2457,4.0
2458,2458,4.0
2459,2459,4.0
2460,2460,3.0
2461,2461,4.0
2462,2462,5.0
2463,2463,4.0
2464,2464,2.0
2465,2465,1.0
2466,2466,4.0
2467,2467,4.0
2468,2468,4.0
2469,2469,5.0
2470,2470,3.0
2471,2471,5.0
2472,2472,5.0
2473,2473,5.0
2474,2474,4.0
2475,2475,4.0
2476,2476,3.0
2477,2477,5.0
2478,2478,3.0
2479,2479,5.0
2480,2480,4.0
2481,2481,4.0
2482,2482,3.0
2483,2483,5.0
2484,2484,5.0
2485,2485,1.0
2486,2486,5.0
2487,2487,5.0
2488,2488,1.0
2489,2489,3.0
2490,2490,3.0
2491,2491,4.0
2492,2492,4.0
2493,2493,4.0
2494,2494,5.0
2495,2495,4.0
2496,2496,1.0
2497,2497,3.0
2498,2498,2.0
2499,2499,5.0
2500,2500,4.0
2501,2501,1.0
2502,2502,5.0
2503,2503,4.0
2504,2504,5.0
2505,2505,1.0
2506,2506,1.0
2507,2507,4.0
2508,2508,3.0
2509,2509,5.0
2510,2510,4.0
2511,2511,5.0
2512,2512,5.0
2513,2513,4.0
2514,2514,4.0
2515,2515,3.0
2516,2516,4.0
2517,2517,4.0
2518,2518,4.0
2519,2519,3.0
2520,2520,5.0
2521,2521,5.0
2522,2522,5.0
2523,2523,5.0
2524,2524,4.0
2525,2525,5.0
2526,2526,5.0
2527,2527,5.0
2528,2528,5.0
2529,2529,5.0
2530,2530,4.0
2531,2531,5.0
2532,2532,5.0
2533,2533,4.0
2534,2534,4.0
2535,2535,5.0
2536,2536,5.0
2537,2537,5.0
2538,2538,5.0
2539,2539,5.0
2540,2540,5.0
2541,2541,4.0
2542,2542,5.0
2543,2543,5.0
2544,2544,1.0
2545,2545,4.0
2546,2546,5.0
2547,2547,5.0
2548,2548,5.0
2549,2549,1.0
2550,2550,5.0
2551,2551,5.0
2552,2552,5.0
2553,2553,5.0
2554,2554,5.0
2555,2555,5.0
2556,2556,3.0
2557,2557,4.0
2558,2558,5.0
2559,2559,5.0
2560,2560,5.0
2561,2561,5.0
2562,2562,5.0
2563,2563,5.0
2564,2564,5.0
2565,2565,5.0
2566,2566,5.0
2567,2567,5.0
2568,2568,1.0
2569,2569,5.0
2570,2570,3.0
2571,2571,5.0
2572,2572,5.0
2573,2573,5.0
2574,2574,5.0
2575,2575,5.0
2576,2576,5.0
2577,2577,4.0
2578,2578,5.0
2579,2579,5.0
2580,2580,5.0
2581,2581,5.0
2582,2582,5.0
2583,2583,3.0
2584,2584,5.0
2585,2585,5.0
2586,2586,5.0
2587,2587,5.0
2588,2588,4.0
2589,2589,5.0
2590,2590,5.0
2591,2591,5.0
2592,2592,5.0
2593,2593,5.0
2594,2594,5.0
2595,2595,5.0
2596,2596,5.0
2597,2597,5.0
2598,2598,5.0
2599,2599,5.0
2600,2600,5.0
2601,2601,3.0
2602,2602,4.0
2603,2603,5.0
2604,2604,2.0
2605,2605,5.0
2606,2606,5.0
2607,2607,4.0
2608,2608,5.0
2609,2609,5.0
2610,2610,5.0
2611,2611,5.0
2612,2612,5.0
2613,2613,4.0
2614,2614,2.0
2615,2615,3.0
2616,2616,5.0
2617,2617,1.0
2618,2618,4.0
2619,2619,4.0
2620,2620,3.0
2621,2621,3.0
2622,2622,5.0
2623,2623,5.0
2624,2624,3.0
2625,2625,3.0
2626,2626,5.0
2627,2627,3.0
2628,2628,5.0
2629,2629,3.0
2630,2630,1.0
2631,2631,4.0
2632,2632,5.0
2633,2633,5.0
2634,2634,5.0
2635,2635,5.0
2636,2636,4.0
2637,2637,3.0
2638,2638,5.0
2639,2639,5.0
2640,2640,4.0
2641,2641,3.0
2642,2642,4.0
2643,2643,4.0
2644,2644,3.0
2645,2645,5.0
2646,2646,5.0
2647,2647,1.0
2648,2648,5.0
2649,2649,5.0
2650,2650,4.0
2651,2651,4.0
2652,2652,5.0
2653,2653,5.0
2654,2654,5.0
2655,2655,4.0
2656,2656,5.0
2657,2657,5.0
2658,2658,5.0
2659,2659,5.0
2660,2660,5.0
2661,2661,5.0
2662,2662,5.0
2663,2663,5.0
2664,2664,3.0
2665,2665,5.0
2666,2666,5.0
2667,2667,5.0
2668,2668,4.0
2669,2669,5.0
2670,2670,4.0
2671,2671,4.0
2672,2672,5.0
2673,2673,5.0
2674,2674,5.0
2675,2675,5.0
2676,2676,2.0
2677,2677,5.0
2678,2678,5.0
2679,2679,5.0
2680,2680,3.0
2681,2681,4.0
2682,2682,5.0
2683,2683,1.0
2684,2684,5.0
2685,2685,5.0
2686,2686,4.0
2687,2687,4.0
2688,2688,5.0
2689,2689,5.0
2690,2690,5.0
2691,2691,4.0
2692,2692,5.0
2693,2693,4.0
2694,2694,5.0
2695,2695,4.0
2696,2696,5.0
2697,2697,4.0
2698,2698,4.0
2699,2699,5.0
2700,2700,4.0
2701,2701,5.0
2702,2702,5.0
2703,2703,5.0
2704,2704,5.0
2705,2705,5.0
2706,2706,5.0
2707,2707,5.0
2708,2708,5.0
2709,2709,5.0
2710,2710,5.0
2711,2711,5.0
2712,2712,4.0
2713,2713,5.0
2714,2714,5.0
2715,2715,5.0
2716,2716,5.0
2717,2717,5.0
2718,2718,5.0
2719,2719,5.0
2720,2720,5.0
2721,2721,5.0
2722,2722,5.0
2723,2723,5.0
2724,2724,5.0
2725,2725,5.0
2726,2726,5.0
2727,2727,5.0
2728,2728,5.0
2729,2729,5.0
2730,2730,5.0
2731,2731,5.0
2732,2732,4.0
2733,2733,3.0
2734,2734,4.0
2735,2735,5.0
2736,2736,5.0
2737,2737,4.0
2738,2738,5.0
2739,2739,4.0
2740,2740,3.0
2741,2741,5.0
2742,2742,4.0
2743,2743,3.0
2744,2744,4.0
2745,2745,5.0
2746,2746,5.0
2747,2747,5.0
2748,2748,4.0
2749,2749,5.0
2750,2750,5.0
2751,2751,4.0
2752,2752,5.0
2753,2753,4.0
2754,2754,4.0
2755,2755,5.0
2756,2756,5.0
2757,2757,4.0
2758,2758,5.0
2759,2759,5.0
2760,2760,5.0
2761,2761,5.0
2762,2762,5.0
2763,2763,4.0
2764,2764,4.0
2765,2765,4.0
2766,2766,2.0
2767,2767,5.0
2768,2768,5.0
2769,2769,2.0
2770,2770,5.0
2771,2771,5.0
2772,2772,4.0
2773,2773,5.0
2774,2774,5.0
2775,2775,5.0
2776,2776,5.0
2777,2777,3.0
2778,2778,5.0
2779,2779,5.0
2780,2780,4.0
2781,2781,5.0
2782,2782,5.0
2783,2783,5.0
2784,2784,4.0
2785,2785,5.0
2786,2786,5.0
2787,2787,5.0
2788,2788,4.0
2789,2789,5.0
2790,2790,4.0
2791,2791,5.0
2792,2792,5.0
2793,2793,5.0
2794,2794,5.0
2795,2795,4.0
2796,2796,4.0
2797,2797,5.0
2798,2798,5.0
2799,2799,2.0
2800,2800,5.0
2801,2801,5.0
2802,2802,5.0
2803,2803,5.0
2804,2804,4.0
2805,2805,5.0
2806,2806,5.0
2807,2807,4.0
2808,2808,5.0
2809,2809,5.0
2810,2810,5.0
2811,2811,5.0
2812,2812,5.0
2813,2813,5.0
2814,2814,5.0
2815,2815,4.0
2816,2816,5.0
2817,2817,3.0
2818,2818,3.0
2819,2819,1.0
2820,2820,4.0
2821,2821,3.0
2822,2822,5.0
2823,2823,3.0
2824,2824,4.0
2825,2825,3.0
2826,2826,5.0
2827,2827,4.0
2828,2828,4.0
2829,2829,4.0
2830,2830,5.0
2831,2831,3.0
2832,2832,5.0
2833,2833,4.0
2834,2834,4.0
2835,2835,4.0
2836,2836,5.0
2837,2837,4.0
2838,2838,5.0
2839,2839,4.0
2840,2840,4.0
2841,2841,3.0
2842,2842,5.0
2843,2843,2.0
2844,2844,5.0
2845,2845,2.0
2846,2846,1.0
2847,2847,3.0
2848,2848,2.0
2849,2849,3.0
2850,2850,5.0
2851,2851,5.0
2852,2852,4.0
2853,2853,5.0
2854,2854,5.0
2855,2855,5.0
2856,2856,5.0
2857,2857,5.0
2858,2858,4.0
2859,2859,3.0
2860,2860,5.0
2861,2861,4.0
2862,2862,3.0
2863,2863,5.0
2864,2864,5.0
2865,2865,4.0
2866,2866,3.0
2867,2867,5.0
2868,2868,5.0
2869,2869,5.0
2870,2870,5.0
2871,2871,4.0
2872,2872,5.0
2873,2873,4.0
2874,2874,5.0
2875,2875,3.0
2876,2876,3.0
2877,2877,5.0
2878,2878,3.0
2879,2879,5.0
2880,2880,4.0
2881,2881,5.0
2882,2882,5.0
2883,2883,5.0
2884,2884,5.0
2885,2885,4.0
2886,2886,5.0
2887,2887,5.0
2888,2888,3.0
2889,2889,2.0
2890,2890,5.0
2891,2891,2.0
2892,2892,2.0
2893,2893,5.0
2894,2894,4.0
2895,2895,5.0
2896,2896,5.0
2897,2897,5.0
2898,2898,5.0
2899,2899,4.0
2900,2900,5.0
2901,2901,5.0
2902,2902,3.0
2903,2903,2.0
2904,2904,5.0
2905,2905,3.0
2906,2906,5.0
2907,2907,3.0
2908,2908,5.0
2909,2909,4.0
2910,2910,4.0
2911,2911,1.0
2912,2912,5.0
2913,2913,5.0
2914,2914,5.0
2915,2915,5.0
2916,2916,4.0
2917,2917,2.0
2918,2918,3.0
2919,2919,4.0
2920,2920,5.0
2921,2921,3.0
2922,2922,4.0
2923,2923,5.0
2924,2924,4.0
2925,2925,5.0
2926,2926,5.0
2927,2927,5.0
2928,2928,5.0
2929,2929,5.0
2930,2930,5.0
2931,2931,2.0
2932,2932,2.0
2933,2933,3.0
2934,2934,3.0
2935,2935,1.0
2936,2936,2.0
2937,2937,1.0
2938,2938,5.0
2939,2939,1.0
2940,2940,3.0
2941,2941,4.0
2942,2942,5.0
2943,2943,5.0
2944,2944,5.0
2945,2945,4.0
2946,2946,5.0
2947,2947,5.0
2948,2948,5.0
2949,2949,5.0
2950,2950,2.0
2951,2951,2.0
2952,2952,4.0
2953,2953,5.0
2954,2954,2.0
2955,2955,5.0
2956,2956,1.0
2957,2957,2.0
2958,2958,1.0
2959,2959,4.0
2960,2960,5.0
2961,2961,2.0
2962,2962,2.0
2963,2963,5.0
2964,2964,4.0
2965,2965,5.0
2966,2966,4.0
2967,2967,5.0
2968,2968,2.0
2969,2969,5.0
2970,2970,5.0
2971,2971,5.0
2972,2972,5.0
2973,2973,5.0
2974,2974,5.0
2975,2975,5.0
2976,2976,4.0
2977,2977,5.0
2978,2978,5.0
2979,2979,5.0
2980,2980,4.0
2981,2981,5.0
2982,2982,5.0
2983,2983,4.0
2984,2984,5.0
2985,2985,1.0
2986,2986,2.0
2987,2987,5.0
2988,2988,5.0
2989,2989,5.0
2990,2990,5.0
2991,2991,4.0
2992,2992,5.0
2993,2993,2.0
2994,2994,2.0
2995,2995,4.0
2996,2996,2.0
2997,2997,5.0
2998,2998,5.0
2999,2999,2.0
3000,3000,5.0
3001,3001,5.0
3002,3002,4.0
3003,3003,5.0
3004,3004,4.0
3005,3005,4.0
3006,3006,4.0
3007,3007,5.0
3008,3008,4.0
3009,3009,5.0
3010,3010,5.0
3011,3011,4.0
3012,3012,4.0
3013,3013,4.0
3014,3014,5.0
3015,3015,4.0
3016,3016,4.0
3017,3017,5.0
3018,3018,4.0
3019,3019,5.0
3020,3020,5.0
3021,3021,5.0
3022,3022,5.0
3023,3023,5.0
3024,3024,5.0
3025,3025,5.0
3026,3026,5.0
3027,3027,5.0
3028,3028,5.0
3029,3029,5.0
3030,3030,5.0
3031,3031,5.0
3032,3032,5.0
3033,3033,5.0
3034,3034,5.0
3035,3035,5.0
3036,3036,4.0
3037,3037,3.0
3038,3038,3.0
3039,3039,4.0
3040,3040,4.0
3041,3041,5.0
3042,3042,5.0
3043,3043,4.0
3044,3044,4.0
3045,3045,5.0
3046,3046,1.0
3047,3047,5.0
3048,3048,5.0
3049,3049,4.0
3050,3050,5.0
3051,3051,5.0
3052,3052,5.0
3053,3053,5.0
3054,3054,5.0
3055,3055,5.0
3056,3056,5.0
3057,3057,5.0
3058,3058,5.0
3059,3059,4.0
3060,3060,5.0
3061,3061,5.0
3062,3062,4.0
3063,3063,5.0
3064,3064,5.0
3065,3065,1.0
3066,3066,1.0
3067,3067,4.0
3068,3068,5.0
3069,3069,5.0
3070,3070,4.0
3071,3071,5.0
3072,3072,5.0
3073,3073,5.0
3074,3074,1.0
3075,3075,1.0
3076,3076,2.0
3077,3077,5.0
3078,3078,4.0
3079,3079,5.0
3080,3080,4.0
3081,3081,5.0
3082,3082,4.0
3083,3083,5.0
3084,3084,5.0
3085,3085,5.0
3086,3086,5.0
3087,3087,5.0
3088,3088,5.0
3089,3089,5.0
3090,3090,4.0
3091,3091,5.0
3092,3092,5.0
3093,3093,5.0
3094,3094,3.0
3095,3095,4.0
3096,3096,5.0
3097,3097,3.0
3098,3098,5.0
3099,3099,5.0
3100,3100,5.0
3101,3101,1.0
3102,3102,5.0
3103,3103,2.0
3104,3104,5.0
3105,3105,1.0
3106,3106,3.0
3107,3107,4.0
3108,3108,5.0
3109,3109,5.0
3110,3110,3.0
3111,3111,3.0
3112,3112,5.0
3113,3113,5.0
3114,3114,4.0
3115,3115,5.0
3116,3116,2.0
3117,3117,3.0
3118,3118,3.0
3119,3119,5.0
3120,3120,4.0
3121,3121,1.0
3122,3122,2.0
3123,3123,4.0
3124,3124,5.0
3125,3125,5.0
3126,3126,3.0
3127,3127,4.0
3128,3128,4.0
3129,3129,4.0
3130,3130,4.0
3131,3131,5.0
3132,3132,5.0
3133,3133,5.0
3134,3134,3.0
3135,3135,3.0
3136,3136,5.0
3137,3137,3.0
3138,3138,4.0
3139,3139,5.0
3140,3140,5.0
3141,3141,4.0
3142,3142,5.0
3143,3143,5.0
3144,3144,5.0
3145,3145,5.0
3146,3146,5.0
3147,3147,4.0
3148,3148,5.0
3149,3149,5.0
3150,3150,5.0
3151,3151,5.0
3152,3152,5.0
3153,3153,3.0
3154,3154,4.0
3155,3155,5.0
3156,3156,4.0
3157,3157,4.0
3158,3158,4.0
3159,3159,4.0
3160,3160,5.0
3161,3161,1.0
3162,3162,5.0
3163,3163,5.0
3164,3164,5.0
3165,3165,2.0
3166,3166,3.0
3167,3167,5.0
3168,3168,3.0
3169,3169,5.0
3170,3170,5.0
3171,3171,5.0
3172,3172,5.0
3173,3173,5.0
3174,3174,1.0
3175,3175,1.0
3176,3176,5.0
3177,3177,5.0
3178,3178,5.0
3179,3179,5.0
3180,3180,2.0
3181,3181,5.0
3182,3182,4.0
3183,3183,5.0
3184,3184,5.0
3185,3185,5.0
3186,3186,5.0
3187,3187,5.0
3188,3188,5.0
3189,3189,4.0
3190,3190,5.0
3191,3191,5.0
3192,3192,5.0
3193,3193,5.0
3194,3194,4.0
3195,3195,5.0
3196,3196,5.0
3197,3197,5.0
3198,3198,3.0
3199,3199,5.0
3200,3200,5.0
3201,3201,5.0
3202,3202,4.0
3203,3203,5.0
3204,3204,5.0
3205,3205,5.0
3206,3206,2.0
3207,3207,2.0
3208,3208,2.0
3209,3209,2.0
3210,3210,1.0
3211,3211,1.0
3212,3212,2.0
3213,3213,1.0
3214,3214,1.0
3215,3215,5.0
3216,3216,4.0
3217,3217,5.0
3218,3218,3.0
3219,3219,5.0
3220,3220,4.0
3221,3221,5.0
3222,3222,5.0
3223,3223,1.0
3224,3224,4.0
3225,3225,5.0
3226,3226,4.0
3227,3227,5.0
3228,3228,5.0
3229,3229,5.0
3230,3230,5.0
3231,3231,4.0
3232,3232,3.0
3233,3233,4.0
3234,3234,5.0
3235,3235,5.0
3236,3236,4.0
3237,3237,4.0
3238,3238,5.0
3239,3239,5.0
3240,3240,4.0
3241,3241,5.0
3242,3242,4.0
3243,3243,5.0
3244,3244,5.0
3245,3245,3.0
3246,3246,5.0
3247,3247,3.0
3248,3248,4.0
3249,3249,3.0
3250,3250,3.0
3251,3251,4.0
3252,3252,5.0
3253,3253,5.0
3254,3254,1.0
3255,3255,5.0
3256,3256,5.0
3257,3257,4.0
3258,3258,2.0
3259,3259,3.0
3260,3260,4.0
3261,3261,2.0
3262,3262,5.0
3263,3263,4.0
3264,3264,4.0
3265,3265,5.0
3266,3266,5.0
3267,3267,4.0
3268,3268,5.0
3269,3269,4.0
3270,3270,4.0
3271,3271,4.0
3272,3272,4.0
3273,3273,5.0
3274,3274,2.0
3275,3275,4.0
3276,3276,4.0
3277,3277,4.0
3278,3278,5.0
3279,3279,5.0
3280,3280,4.0
3281,3281,4.0
3282,3282,4.0
3283,3283,1.0
3284,3284,3.0
3285,3285,5.0
3286,3286,3.0
3287,3287,3.0
3288,3288,5.0
3289,3289,1.0
3290,3290,3.0
3291,3291,5.0
3292,3292,3.0
3293,3293,3.0
3294,3294,1.0
3295,3295,5.0
3296,3296,1.0
3297,3297,5.0
3298,3298,5.0
3299,3299,2.0
3300,3300,3.0
3301,3301,4.0
3302,3302,5.0
3303,3303,5.0
3304,3304,4.0
3305,3305,5.0
3306,3306,4.0
3307,3307,1.0
3308,3308,4.0
3309,3309,4.0
3310,3310,4.0
3311,3311,5.0
3312,3312,5.0
3313,3313,5.0
3314,3314,5.0
3315,3315,5.0
3316,3316,5.0
3317,3317,5.0
3318,3318,5.0
3319,3319,5.0
3320,3320,5.0
3321,3321,5.0
3322,3322,5.0
3323,3323,4.0
3324,3324,4.0
3325,3325,3.0
3326,3326,5.0
3327,3327,5.0
3328,3328,5.0
3329,3329,3.0
3330,3330,4.0
3331,3331,5.0
3332,3332,4.0
3333,3333,3.0
3334,3334,4.0
3335,3335,5.0
3336,3336,4.0
3337,3337,5.0
3338,3338,5.0
3339,3339,4.0
3340,3340,5.0
3341,3341,4.0
3342,3342,4.0
3343,3343,4.0
3344,3344,4.0
3345,3345,5.0
3346,3346,3.0
3347,3347,2.0
3348,3348,5.0
3349,3349,3.0
3350,3350,2.0
3351,3351,3.0
3352,3352,5.0
3353,3353,5.0
3354,3354,5.0
3355,3355,4.0
3356,3356,5.0
3357,3357,4.0
3358,3358,3.0
3359,3359,5.0
3360,3360,5.0
3361,3361,3.0
3362,3362,5.0
3363,3363,4.0
3364,3364,4.0
3365,3365,5.0
3366,3366,4.0
3367,3367,3.0
3368,3368,5.0
3369,3369,4.0
3370,3370,5.0
3371,3371,4.0
3372,3372,3.0
3373,3373,4.0
3374,3374,5.0
3375,3375,2.0
3376,3376,2.0
3377,3377,2.0
3378,3378,2.0
3379,3379,4.0
3380,3380,4.0
3381,3381,4.0
3382,3382,3.0
3383,3383,5.0
3384,3384,5.0
3385,3385,4.0
3386,3386,5.0
3387,3387,5.0
3388,3388,4.0
3389,3389,3.0
3390,3390,4.0
3391,3391,3.0
3392,3392,5.0
3393,3393,5.0
3394,3394,4.0
3395,3395,3.0
3396,3396,4.0
3397,3397,4.0
3398,3398,5.0
3399,3399,1.0
3400,3400,5.0
3401,3401,4.0
3402,3402,5.0
3403,3403,4.0
3404,3404,5.0
3405,3405,5.0
3406,3406,4.0
3407,3407,4.0
3408,3408,5.0
3409,3409,5.0
3410,3410,5.0
3411,3411,4.0
3412,3412,3.0
3413,3413,4.0
3414,3414,5.0
3415,3415,5.0
3416,3416,5.0
3417,3417,5.0
3418,3418,5.0
3419,3419,4.0
3420,3420,5.0
3421,3421,5.0
3422,3422,5.0
3423,3423,5.0
3424,3424,5.0
3425,3425,4.0
3426,3426,4.0
3427,3427,5.0
3428,3428,4.0
3429,3429,5.0
3430,3430,5.0
3431,3431,5.0
3432,3432,5.0
3433,3433,5.0
3434,3434,5.0
3435,3435,5.0
3436,3436,5.0
3437,3437,4.0
3438,3438,4.0
3439,3439,5.0
3440,3440,4.0
3441,3441,1.0
3442,3442,4.0
3443,3443,3.0
3444,3444,3.0
3445,3445,3.0
3446,3446,4.0
3447,3447,5.0
3448,3448,5.0
3449,3449,5.0
3450,3450,4.0
3451,3451,5.0
3452,3452,5.0
3453,3453,5.0
3454,3454,5.0
3455,3455,3.0
3456,3456,5.0
3457,3457,5.0
3458,3458,5.0
3459,3459,5.0
3460,3460,1.0
3461,3461,5.0
3462,3462,5.0
3463,3463,5.0
3464,3464,1.0
3465,3465,5.0
3466,3466,1.0
3467,3467,4.0
3468,3468,5.0
3469,3469,1.0
3470,3470,5.0
3471,3471,5.0
3472,3472,5.0
3473,3473,5.0
3474,3474,1.0
3475,3475,5.0
3476,3476,4.0
3477,3477,4.0
3478,3478,4.0
3479,3479,5.0
3480,3480,3.0
3481,3481,4.0
3482,3482,5.0
3483,3483,4.0
3484,3484,4.0
3485,3485,5.0
3486,3486,5.0
3487,3487,4.0
3488,3488,5.0
3489,3489,5.0
3490,3490,5.0
3491,3491,5.0
3492,3492,5.0
3493,3493,5.0
3494,3494,5.0
3495,3495,5.0
3496,3496,5.0
3497,3497,5.0
3498,3498,2.0
3499,3499,5.0
3500,3500,5.0
3501,3501,5.0
3502,3502,2.0
3503,3503,3.0
3504,3504,5.0
3505,3505,5.0
3506,3506,5.0
3507,3507,5.0
3508,3508,5.0
3509,3509,5.0
3510,3510,5.0
3511,3511,4.0
3512,3512,5.0
3513,3513,2.0
3514,3514,4.0
3515,3515,5.0
3516,3516,2.0
3517,3517,4.0
3518,3518,3.0
3519,3519,5.0
3520,3520,4.0
3521,3521,5.0
3522,3522,3.0
3523,3523,1.0
3524,3524,5.0
3525,3525,5.0
3526,3526,4.0
3527,3527,2.0
3528,3528,3.0
3529,3529,5.0
3530,3530,3.0
3531,3531,3.0
3532,3532,4.0
3533,3533,5.0
3534,3534,5.0
3535,3535,3.0
3536,3536,4.0
3537,3537,1.0
3538,3538,2.0
3539,3539,5.0
3540,3540,5.0
3541,3541,5.0
3542,3542,5.0
3543,3543,4.0
3544,3544,4.0
3545,3545,5.0
3546,3546,5.0
3547,3547,5.0
3548,3548,5.0
3549,3549,3.0
3550,3550,5.0
3551,3551,5.0
3552,3552,5.0
3553,3553,5.0
3554,3554,5.0
3555,3555,5.0
3556,3556,4.0
3557,3557,4.0
3558,3558,5.0
3559,3559,5.0
3560,3560,5.0
3561,3561,4.0
3562,3562,2.0
3563,3563,5.0
3564,3564,5.0
3565,3565,5.0
3566,3566,4.0
3567,3567,4.0
3568,3568,4.0
3569,3569,5.0
3570,3570,5.0
3571,3571,5.0
3572,3572,5.0
3573,3573,5.0
3574,3574,5.0
3575,3575,5.0
3576,3576,5.0
3577,3577,5.0
3578,3578,2.0
3579,3579,5.0
3580,3580,5.0
3581,3581,5.0
3582,3582,5.0
3583,3583,5.0
3584,3584,5.0
3585,3585,5.0
3586,3586,4.0
3587,3587,5.0
3588,3588,5.0
3589,3589,5.0
3590,3590,5.0
3591,3591,5.0
3592,3592,4.0
3593,3593,4.0
3594,3594,3.0
3595,3595,2.0
3596,3596,2.0
3597,3597,5.0
3598,3598,5.0
3599,3599,5.0
3600,3600,5.0
3601,3601,5.0
3602,3602,5.0
3603,3603,5.0
3604,3604,5.0
3605,3605,5.0
3606,3606,4.0
3607,3607,5.0
3608,3608,5.0
3609,3609,4.0
3610,3610,3.0
3611,3611,5.0
3612,3612,5.0
3613,3613,5.0
3614,3614,5.0
3615,3615,5.0
3616,3616,5.0
3617,3617,5.0
3618,3618,5.0
3619,3619,5.0
3620,3620,3.0
3621,3621,3.0
3622,3622,5.0
3623,3623,5.0
3624,3624,5.0
3625,3625,5.0
3626,3626,5.0
3627,3627,3.0
3628,3628,5.0
3629,3629,3.0
3630,3630,2.0
3631,3631,5.0
3632,3632,5.0
3633,3633,5.0
3634,3634,3.0
3635,3635,5.0
3636,3636,5.0
3637,3637,2.0
3638,3638,5.0
3639,3639,5.0
3640,3640,4.0
3641,3641,5.0
3642,3642,5.0
3643,3643,5.0
3644,3644,5.0
3645,3645,4.0
3646,3646,4.0
3647,3647,1.0
3648,3648,5.0
3649,3649,5.0
3650,3650,4.0
3651,3651,4.0
3652,3652,4.0
3653,3653,3.0
3654,3654,1.0
3655,3655,4.0
3656,3656,5.0
3657,3657,1.0
3658,3658,5.0
3659,3659,5.0
3660,3660,5.0
3661,3661,4.0
3662,3662,4.0
3663,3663,4.0
3664,3664,5.0
3665,3665,3.0
3666,3666,4.0
3667,3667,1.0
3668,3668,4.0
3669,3669,4.0
3670,3670,4.0
3671,3671,4.0
3672,3672,2.0
3673,3673,5.0
3674,3674,5.0
3675,3675,4.0
3676,3676,4.0
3677,3677,5.0
3678,3678,5.0
3679,3679,4.0
3680,3680,5.0
3681,3681,4.0
3682,3682,5.0
3683,3683,5.0
3684,3684,5.0
3685,3685,4.0
3686,3686,5.0
3687,3687,5.0
3688,3688,5.0
3689,3689,5.0
3690,3690,5.0
3691,3691,5.0
3692,3692,5.0
3693,3693,5.0
3694,3694,5.0
3695,3695,5.0
3696,3696,5.0
3697,3697,5.0
3698,3698,5.0
3699,3699,5.0
3700,3700,5.0
3701,3701,4.0
3702,3702,3.0
3703,3703,4.0
3704,3704,4.0
3705,3705,4.0
3706,3706,1.0
3707,3707,5.0
3708,3708,5.0
3709,3709,5.0
3710,3710,5.0
3711,3711,5.0
3712,3712,5.0
3713,3713,5.0
3714,3714,5.0
3715,3715,5.0
3716,3716,5.0
3717,3717,5.0
3718,3718,5.0
3719,3719,5.0
3720,3720,5.0
3721,3721,5.0
3722,3722,4.0
3723,3723,5.0
3724,3724,5.0
3725,3725,5.0
3726,3726,5.0
3727,3727,4.0
3728,3728,5.0
3729,3729,5.0
3730,3730,4.0
3731,3731,5.0
3732,3732,5.0
3733,3733,5.0
3734,3734,5.0
3735,3735,5.0
3736,3736,5.0
3737,3737,4.0
3738,3738,5.0
3739,3739,5.0
3740,3740,5.0
3741,3741,5.0
3742,3742,5.0
3743,3743,4.0
3744,3744,5.0
3745,3745,5.0
3746,3746,5.0
3747,3747,4.0
3748,3748,5.0
3749,3749,5.0
3750,3750,5.0
3751,3751,5.0
3752,3752,5.0
3753,3753,5.0
3754,3754,5.0
3755,3755,5.0
3756,3756,5.0
3757,3757,4.0
3758,3758,5.0
3759,3759,5.0
3760,3760,4.0
3761,3761,5.0
3762,3762,5.0
3763,3763,5.0
3764,3764,5.0
3765,3765,5.0
3766,3766,1.0
3767,3767,1.0
3768,3768,1.0
3769,3769,5.0
3770,3770,4.0
3771,3771,5.0
3772,3772,5.0
3773,3773,5.0
3774,3774,5.0
3775,3775,5.0
3776,3776,5.0
3777,3777,5.0
3778,3778,4.0
3779,3779,5.0
3780,3780,5.0
3781,3781,5.0
3782,3782,5.0
3783,3783,5.0
3784,3784,4.0
3785,3785,5.0
3786,3786,5.0
3787,3787,5.0
3788,3788,5.0
3789,3789,5.0
3790,3790,5.0
3791,3791,5.0
3792,3792,5.0
3793,3793,5.0
3794,3794,5.0
3795,3795,3.0
3796,3796,2.0
3797,3797,3.0
3798,3798,5.0
3799,3799,4.0
3800,3800,5.0
3801,3801,5.0
3802,3802,5.0
3803,3803,5.0
3804,3804,5.0
3805,3805,5.0
3806,3806,5.0
3807,3807,5.0
3808,3808,3.0
3809,3809,5.0
3810,3810,5.0
3811,3811,5.0
3812,3812,5.0
3813,3813,5.0
3814,3814,5.0
3815,3815,5.0
3816,3816,5.0
3817,3817,5.0
3818,3818,5.0
3819,3819,5.0
3820,3820,5.0
3821,3821,5.0
3822,3822,5.0
3823,3823,5.0
3824,3824,5.0
3825,3825,5.0
3826,3826,5.0
3827,3827,5.0
3828,3828,5.0
3829,3829,3.0
3830,3830,2.0
3831,3831,3.0
3832,3832,1.0
3833,3833,4.0
3834,3834,5.0
3835,3835,5.0
3836,3836,5.0
3837,3837,5.0
3838,3838,5.0
3839,3839,5.0
3840,3840,5.0
3841,3841,5.0
3842,3842,5.0
3843,3843,3.0
3844,3844,5.0
3845,3845,4.0
3846,3846,4.0
3847,3847,5.0
3848,3848,5.0
3849,3849,5.0
3850,3850,5.0
3851,3851,5.0
3852,3852,5.0
3853,3853,4.0
3854,3854,5.0
3855,3855,5.0
3856,3856,5.0
3857,3857,5.0
3858,3858,5.0
3859,3859,5.0
3860,3860,5.0
3861,3861,5.0
3862,3862,5.0
3863,3863,5.0
3864,3864,5.0
3865,3865,5.0
3866,3866,4.0
3867,3867,5.0
3868,3868,5.0
3869,3869,4.0
3870,3870,5.0
3871,3871,5.0
3872,3872,5.0
3873,3873,5.0
3874,3874,5.0
3875,3875,4.0
3876,3876,5.0
3877,3877,5.0
3878,3878,5.0
3879,3879,4.0
3880,3880,5.0
3881,3881,3.0
3882,3882,5.0
3883,3883,4.0
3884,3884,2.0
3885,3885,5.0
3886,3886,5.0
3887,3887,5.0
3888,3888,5.0
3889,3889,5.0
3890,3890,5.0
3891,3891,5.0
3892,3892,2.0
3893,3893,5.0
3894,3894,5.0
3895,3895,5.0
3896,3896,5.0
3897,3897,5.0
3898,3898,4.0
3899,3899,5.0
3900,3900,5.0
3901,3901,5.0
3902,3902,5.0
3903,3903,5.0
3904,3904,5.0
3905,3905,5.0
3906,3906,5.0
3907,3907,5.0
3908,3908,5.0
3909,3909,5.0
3910,3910,5.0
3911,3911,5.0
3912,3912,5.0
3913,3913,5.0
3914,3914,5.0
3915,3915,2.0
3916,3916,5.0
3917,3917,5.0
3918,3918,5.0
3919,3919,5.0
3920,3920,5.0
3921,3921,4.0
3922,3922,5.0
3923,3923,4.0
3924,3924,5.0
3925,3925,5.0
3926,3926,5.0
3927,3927,5.0
3928,3928,5.0
3929,3929,5.0
3930,3930,5.0
3931,3931,5.0
3932,3932,3.0
3933,3933,4.0
3934,3934,5.0
3935,3935,5.0
3936,3936,5.0
3937,3937,5.0
3938,3938,5.0
3939,3939,5.0
3940,3940,5.0
3941,3941,5.0
3942,3942,5.0
3943,3943,5.0
3944,3944,5.0
3945,3945,5.0
3946,3946,4.0
3947,3947,5.0
3948,3948,5.0
3949,3949,5.0
3950,3950,5.0
3951,3951,5.0
3952,3952,5.0
3953,3953,5.0
3954,3954,5.0
3955,3955,5.0
3956,3956,5.0
3957,3957,5.0
3958,3958,4.0
3959,3959,5.0
3960,3960,5.0
3961,3961,5.0
3962,3962,5.0
3963,3963,5.0
3964,3964,5.0
3965,3965,5.0
3966,3966,5.0
3967,3967,1.0
3968,3968,1.0
3969,3969,1.0
3970,3970,4.0
3971,3971,1.0
3972,3972,2.0
3973,3973,5.0
3974,3974,5.0
3975,3975,3.0
3976,3976,5.0
3977,3977,4.0
3978,3978,5.0
3979,3979,5.0
3980,3980,5.0
3981,3981,5.0
3982,3982,5.0
3983,3983,5.0
3984,3984,5.0
3985,3985,5.0
3986,3986,5.0
3987,3987,5.0
3988,3988,4.0
3989,3989,5.0
3990,3990,5.0
3991,3991,4.0
3992,3992,4.0
3993,3993,5.0
3994,3994,5.0
3995,3995,4.0
3996,3996,2.0
3997,3997,3.0
3998,3998,5.0
3999,3999,5.0
4000,4000,5.0
4001,4001,5.0
4002,4002,5.0
4003,4003,5.0
4004,4004,5.0
4005,4005,4.0
4006,4006,3.0
4007,4007,5.0
4008,4008,5.0
4009,4009,5.0
4010,4010,5.0
4011,4011,5.0
4012,4012,5.0
4013,4013,5.0
4014,4014,5.0
4015,4015,5.0
4016,4016,5.0
4017,4017,5.0
4018,4018,4.0
4019,4019,5.0
4020,4020,5.0
4021,4021,5.0
4022,4022,4.0
4023,4023,2.0
4024,4024,5.0
4025,4025,5.0
4026,4026,5.0
4027,4027,5.0
4028,4028,5.0
4029,4029,3.0
4030,4030,5.0
4031,4031,5.0
4032,4032,4.0
4033,4033,5.0
4034,4034,4.0
4035,4035,4.0
4036,4036,5.0
4037,4037,4.0
4038,4038,5.0
4039,4039,5.0
4040,4040,3.0
4041,4041,5.0
4042,4042,5.0
4043,4043,4.0
4044,4044,5.0
4045,4045,5.0
4046,4046,3.0
4047,4047,5.0
4048,4048,5.0
4049,4049,5.0
4050,4050,3.0
4051,4051,5.0
4052,4052,5.0
4053,4053,4.0
4054,4054,5.0
4055,4055,5.0
4056,4056,5.0
4057,4057,5.0
4058,4058,5.0
4059,4059,5.0
4060,4060,5.0
4061,4061,2.0
4062,4062,5.0
4063,4063,4.0
4064,4064,2.0
4065,4065,5.0
4066,4066,5.0
4067,4067,4.0
4068,4068,5.0
4069,4069,5.0
4070,4070,1.0
4071,4071,1.0
4072,4072,1.0
4073,4073,1.0
4074,4074,1.0
4075,4075,1.0
4076,4076,2.0
4077,4077,5.0
4078,4078,5.0
4079,4079,5.0
4080,4080,4.0
4081,4081,5.0
4082,4082,5.0
4083,4083,5.0
4084,4084,1.0
4085,4085,4.0
4086,4086,1.0
4087,4087,5.0
4088,4088,5.0
4089,4089,1.0
4090,4090,1.0
4091,4091,1.0
4092,4092,1.0
4093,4093,5.0
4094,4094,5.0
4095,4095,5.0
4096,4096,5.0
4097,4097,5.0
4098,4098,4.0
4099,4099,1.0
4100,4100,5.0
4101,4101,5.0
4102,4102,5.0
4103,4103,5.0
4104,4104,5.0
4105,4105,5.0
4106,4106,4.0
4107,4107,4.0
4108,4108,3.0
4109,4109,3.0
4110,4110,2.0
4111,4111,4.0
4112,4112,4.0
4113,4113,1.0
4114,4114,3.0
4115,4115,4.0
4116,4116,5.0
4117,4117,5.0
4118,4118,5.0
4119,4119,5.0
4120,4120,5.0
4121,4121,5.0
4122,4122,5.0
4123,4123,5.0
4124,4124,4.0
4125,4125,5.0
4126,4126,5.0
4127,4127,5.0
4128,4128,5.0
4129,4129,5.0
4130,4130,4.0
4131,4131,4.0
4132,4132,5.0
4133,4133,5.0
4134,4134,5.0
4135,4135,5.0
4136,4136,5.0
4137,4137,5.0
4138,4138,4.0
4139,4139,5.0
4140,4140,3.0
4141,4141,5.0
4142,4142,5.0
4143,4143,4.0
4144,4144,1.0
4145,4145,1.0
4146,4146,1.0
4147,4147,1.0
4148,4148,5.0
4149,4149,5.0
4150,4150,1.0
4151,4151,2.0
4152,4152,1.0
4153,4153,1.0
4154,4154,2.0
4155,4155,3.0
4156,4156,1.0
4157,4157,5.0
4158,4158,2.0
4159,4159,3.0
4160,4160,5.0
4161,4161,3.0
4162,4162,2.0
4163,4163,1.0
4164,4164,2.0
4165,4165,2.0
4166,4166,5.0
4167,4167,5.0
4168,4168,2.0
4169,4169,3.0
4170,4170,5.0
4171,4171,5.0
4172,4172,5.0
4173,4173,4.0
4174,4174,5.0
4175,4175,5.0
4176,4176,4.0
4177,4177,5.0
4178,4178,5.0
4179,4179,3.0
4180,4180,5.0
4181,4181,1.0
4182,4182,5.0
4183,4183,5.0
4184,4184,2.0
4185,4185,1.0
4186,4186,1.0
4187,4187,4.0
4188,4188,5.0
4189,4189,5.0
4190,4190,5.0
4191,4191,5.0
4192,4192,5.0
4193,4193,5.0
4194,4194,3.0
4195,4195,5.0
4196,4196,5.0
4197,4197,3.0
4198,4198,5.0
4199,4199,5.0
4200,4200,5.0
4201,4201,5.0
4202,4202,2.0
4203,4203,2.0
4204,4204,3.0
4205,4205,5.0
4206,4206,5.0
4207,4207,4.0
4208,4208,4.0
4209,4209,5.0
4210,4210,2.0
4211,4211,4.0
4212,4212,5.0
4213,4213,3.0
4214,4214,5.0
4215,4215,5.0
4216,4216,4.0
4217,4217,3.0
4218,4218,1.0
4219,4219,1.0
4220,4220,1.0
4221,4221,5.0
4222,4222,1.0
4223,4223,1.0
4224,4224,1.0
4225,4225,1.0
4226,4226,4.0
4227,4227,2.0
4228,4228,3.0
4229,4229,5.0
4230,4230,5.0
4231,4231,1.0
4232,4232,1.0
4233,4233,1.0
4234,4234,1.0
4235,4235,3.0
4236,4236,5.0
4237,4237,5.0
4238,4238,2.0
4239,4239,5.0
4240,4240,5.0
4241,4241,5.0
4242,4242,5.0
4243,4243,5.0
4244,4244,4.0
4245,4245,3.0
4246,4246,4.0
4247,4247,4.0
4248,4248,4.0
4249,4249,4.0
4250,4250,4.0
4251,4251,5.0
4252,4252,4.0
4253,4253,4.0
4254,4254,4.0
4255,4255,3.0
4256,4256,5.0
4257,4257,5.0
4258,4258,3.0
4259,4259,5.0
4260,4260,5.0
4261,4261,4.0
4262,4262,1.0
4263,4263,1.0
4264,4264,1.0
4265,4265,1.0
4266,4266,1.0
4267,4267,1.0
4268,4268,2.0
4269,4269,1.0
4270,4270,4.0
4271,4271,5.0
4272,4272,4.0
4273,4273,5.0
4274,4274,5.0
4275,4275,5.0
4276,4276,5.0
4277,4277,5.0
4278,4278,2.0
4279,4279,4.0
4280,4280,5.0
4281,4281,5.0
4282,4282,3.0
4283,4283,4.0
4284,4284,4.0
4285,4285,4.0
4286,4286,5.0
4287,4287,4.0
4288,4288,3.0
4289,4289,3.0
4290,4290,5.0
4291,4291,5.0
4292,4292,4.0
4293,4293,5.0
4294,4294,5.0
4295,4295,5.0
4296,4296,3.0
4297,4297,4.0
4298,4298,5.0
4299,4299,5.0
4300,4300,5.0
4301,4301,3.0
4302,4302,5.0
4303,4303,3.0
4304,4304,4.0
4305,4305,5.0
4306,4306,5.0
4307,4307,5.0
4308,4308,5.0
4309,4309,5.0
4310,4310,5.0
4311,4311,4.0
4312,4312,4.0
4313,4313,4.0
4314,4314,5.0
4315,4315,4.0
4316,4316,4.0
4317,4317,3.0
4318,4318,5.0
4319,4319,4.0
4320,4320,3.0
4321,4321,5.0
4322,4322,4.0
4323,4323,4.0
4324,4324,5.0
4325,4325,4.0
4326,4326,5.0
4327,4327,5.0
4328,4328,4.0
4329,4329,5.0
4330,4330,5.0
4331,4331,4.0
4332,4332,4.0
4333,4333,3.0
4334,4334,1.0
4335,4335,5.0
4336,4336,5.0
4337,4337,4.0
4338,4338,4.0
4339,4339,4.0
4340,4340,5.0
4341,4341,5.0
4342,4342,4.0
4343,4343,4.0
4344,4344,3.0
4345,4345,4.0
4346,4346,5.0
4347,4347,4.0
4348,4348,3.0
4349,4349,1.0
4350,4350,4.0
4351,4351,4.0
4352,4352,4.0
4353,4353,5.0
4354,4354,5.0
4355,4355,5.0
4356,4356,5.0
4357,4357,3.0
4358,4358,5.0
4359,4359,1.0
4360,4360,3.0
4361,4361,5.0
4362,4362,5.0
4363,4363,5.0
4364,4364,4.0
4365,4365,5.0
4366,4366,5.0
4367,4367,5.0
4368,4368,3.0
4369,4369,4.0
4370,4370,5.0
4371,4371,5.0
4372,4372,1.0
4373,4373,2.0
4374,4374,2.0
4375,4375,5.0
4376,4376,5.0
4377,4377,4.0
4378,4378,4.0
4379,4379,2.0
4380,4380,5.0
4381,4381,3.0
4382,4382,5.0
4383,4383,2.0
4384,4384,5.0
4385,4385,5.0
4386,4386,3.0
4387,4387,3.0
4388,4388,5.0
4389,4389,5.0
4390,4390,4.0
4391,4391,4.0
4392,4392,3.0
4393,4393,4.0
4394,4394,5.0
4395,4395,5.0
4396,4396,2.0
4397,4397,3.0
4398,4398,1.0
4399,4399,5.0
4400,4400,2.0
4401,4401,1.0
4402,4402,4.0
4403,4403,4.0
4404,4404,3.0
4405,4405,3.0
4406,4406,2.0
4407,4407,1.0
4408,4408,2.0
4409,4409,3.0
4410,4410,4.0
4411,4411,5.0
4412,4412,5.0
4413,4413,2.0
4414,4414,5.0
4415,4415,4.0
4416,4416,3.0
4417,4417,1.0
4418,4418,5.0
4419,4419,1.0
4420,4420,5.0
4421,4421,4.0
4422,4422,5.0
4423,4423,5.0
4424,4424,5.0
4425,4425,5.0
4426,4426,1.0
4427,4427,4.0
4428,4428,4.0
4429,4429,4.0
4430,4430,5.0
4431,4431,4.0
4432,4432,5.0
4433,4433,4.0
4434,4434,5.0
4435,4435,5.0
4436,4436,4.0
4437,4437,4.0
4438,4438,5.0
4439,4439,4.0
4440,4440,4.0
4441,4441,5.0
4442,4442,5.0
4443,4443,5.0
4444,4444,5.0
4445,4445,2.0
4446,4446,3.0
4447,4447,2.0
4448,4448,5.0
4449,4449,3.0
4450,4450,4.0
4451,4451,5.0
4452,4452,5.0
4453,4453,5.0
4454,4454,5.0
4455,4455,3.0
4456,4456,4.0
4457,4457,4.0
4458,4458,4.0
4459,4459,5.0
4460,4460,4.0
4461,4461,5.0
4462,4462,5.0
4463,4463,3.0
4464,4464,4.0
4465,4465,3.0
4466,4466,4.0
4467,4467,5.0
4468,4468,5.0
4469,4469,2.0
4470,4470,5.0
4471,4471,5.0
4472,4472,1.0
4473,4473,4.0
4474,4474,2.0
4475,4475,4.0
4476,4476,5.0
4477,4477,5.0
4478,4478,5.0
4479,4479,5.0
4480,4480,3.0
4481,4481,5.0
4482,4482,4.0
4483,4483,5.0
4484,4484,5.0
4485,4485,5.0
4486,4486,1.0
4487,4487,4.0
4488,4488,3.0
4489,4489,5.0
4490,4490,4.0
4491,4491,3.0
4492,4492,4.0
4493,4493,4.0
4494,4494,5.0
4495,4495,4.0
4496,4496,4.0
4497,4497,2.0
4498,4498,3.0
4499,4499,4.0
4500,4500,4.0
4501,4501,1.0
4502,4502,4.0
4503,4503,5.0
4504,4504,5.0
4505,4505,5.0
4506,4506,4.0
4507,4507,5.0
4508,4508,5.0
4509,4509,3.0
4510,4510,2.0
4511,4511,5.0
4512,4512,5.0
4513,4513,5.0
4514,4514,5.0
4515,4515,5.0
4516,4516,5.0
4517,4517,4.0
4518,4518,5.0
4519,4519,5.0
4520,4520,5.0
4521,4521,5.0
4522,4522,4.0
4523,4523,5.0
4524,4524,5.0
4525,4525,4.0
4526,4526,2.0
4527,4527,4.0
4528,4528,5.0
4529,4529,5.0
4530,4530,5.0
4531,4531,5.0
4532,4532,4.0
4533,4533,2.0
4534,4534,1.0
4535,4535,4.0
4536,4536,5.0
4537,4537,2.0
4538,4538,1.0
4539,4539,1.0
4540,4540,5.0
4541,4541,5.0
4542,4542,5.0
4543,4543,5.0
4544,4544,3.0
4545,4545,4.0
4546,4546,4.0
4547,4547,1.0
4548,4548,2.0
4549,4549,2.0
4550,4550,4.0
4551,4551,5.0
4552,4552,5.0
4553,4553,5.0
4554,4554,5.0
4555,4555,5.0
4556,4556,4.0
4557,4557,5.0
4558,4558,5.0
4559,4559,5.0
4560,4560,4.0
4561,4561,4.0
4562,4562,5.0
4563,4563,4.0
4564,4564,3.0
4565,4565,3.0
4566,4566,5.0
4567,4567,5.0
4568,4568,5.0
4569,4569,5.0
4570,4570,4.0
4571,4571,5.0
4572,4572,4.0
4573,4573,3.0
4574,4574,5.0
4575,4575,5.0
4576,4576,5.0
4577,4577,4.0
4578,4578,4.0
4579,4579,5.0
4580,4580,5.0
4581,4581,5.0
4582,4582,5.0
4583,4583,5.0
4584,4584,5.0
4585,4585,4.0
4586,4586,3.0
4587,4587,5.0
4588,4588,3.0
4589,4589,3.0
4590,4590,3.0
4591,4591,5.0
4592,4592,5.0
4593,4593,4.0
4594,4594,3.0
4595,4595,5.0
4596,4596,4.0
4597,4597,4.0
4598,4598,3.0
4599,4599,5.0
4600,4600,5.0
4601,4601,4.0
4602,4602,4.0
4603,4603,4.0
4604,4604,4.0
4605,4605,4.0
4606,4606,4.0
4607,4607,4.0
4608,4608,5.0
4609,4609,3.0
4610,4610,2.0
4611,4611,5.0
4612,4612,2.0
4613,4613,5.0
4614,4614,5.0
4615,4615,4.0
4616,4616,2.0
4617,4617,4.0
4618,4618,5.0
4619,4619,2.0
4620,4620,5.0
4621,4621,5.0
4622,4622,5.0
4623,4623,5.0
4624,4624,5.0
4625,4625,5.0
4626,4626,5.0
4627,4627,5.0
4628,4628,5.0
4629,4629,5.0
4630,4630,3.0
4631,4631,5.0
4632,4632,4.0
4633,4633,5.0
4634,4634,5.0
4635,4635,1.0
4636,4636,4.0
4637,4637,2.0
4638,4638,5.0
4639,4639,5.0
4640,4640,3.0
4641,4641,4.0
4642,4642,5.0
4643,4643,5.0
4644,4644,5.0
4645,4645,4.0
4646,4646,5.0
4647,4647,5.0
4648,4648,4.0
4649,4649,4.0
4650,4650,5.0
4651,4651,4.0
4652,4652,5.0
4653,4653,4.0
4654,4654,2.0
4655,4655,5.0
4656,4656,5.0
4657,4657,5.0
4658,4658,3.0
4659,4659,5.0
4660,4660,2.0
4661,4661,4.0
4662,4662,4.0
4663,4663,5.0
4664,4664,5.0
4665,4665,5.0
4666,4666,4.0
4667,4667,5.0
4668,4668,3.0
4669,4669,5.0
4670,4670,4.0
4671,4671,5.0
4672,4672,5.0
4673,4673,5.0
4674,4674,2.0
4675,4675,5.0
4676,4676,5.0
4677,4677,5.0
4678,4678,3.0
4679,4679,2.0
4680,4680,5.0
4681,4681,2.0
4682,4682,5.0
4683,4683,5.0
4684,4684,5.0
4685,4685,5.0
4686,4686,4.0
4687,4687,5.0
4688,4688,4.0
4689,4689,5.0
4690,4690,4.0
4691,4691,4.0
4692,4692,5.0
4693,4693,4.0
4694,4694,5.0
4695,4695,3.0
4696,4696,5.0
4697,4697,5.0
4698,4698,4.0
4699,4699,5.0
4700,4700,3.0
4701,4701,5.0
4702,4702,5.0
4703,4703,1.0
4704,4704,4.0
4705,4705,5.0
4706,4706,5.0
4707,4707,3.0
4708,4708,5.0
4709,4709,4.0
4710,4710,1.0
4711,4711,4.0
4712,4712,1.0
4713,4713,2.0
4714,4714,4.0
4715,4715,5.0
4716,4716,5.0
4717,4717,5.0
4718,4718,5.0
4719,4719,5.0
4720,4720,5.0
4721,4721,5.0
4722,4722,5.0
4723,4723,4.0
4724,4724,5.0
4725,4725,1.0
4726,4726,5.0
4727,4727,5.0
4728,4728,5.0
4729,4729,1.0
4730,4730,5.0
4731,4731,5.0
4732,4732,5.0
4733,4733,4.0
4734,4734,4.0
4735,4735,5.0
4736,4736,4.0
4737,4737,5.0
4738,4738,5.0
4739,4739,5.0
4740,4740,5.0
4741,4741,5.0
4742,4742,4.0
4743,4743,5.0
4744,4744,5.0
4745,4745,5.0
4746,4746,5.0
4747,4747,5.0
4748,4748,5.0
4749,4749,3.0
4750,4750,4.0
4751,4751,5.0
4752,4752,5.0
4753,4753,4.0
4754,4754,5.0
4755,4755,5.0
4756,4756,2.0
4757,4757,5.0
4758,4758,5.0
4759,4759,5.0
4760,4760,5.0
4761,4761,5.0
4762,4762,5.0
4763,4763,5.0
4764,4764,5.0
4765,4765,5.0
4766,4766,5.0
4767,4767,5.0
4768,4768,5.0
4769,4769,3.0
4770,4770,5.0
4771,4771,4.0
4772,4772,2.0
4773,4773,4.0
4774,4774,4.0
4775,4775,4.0
4776,4776,5.0
4777,4777,2.0
4778,4778,5.0
4779,4779,5.0
4780,4780,5.0
4781,4781,4.0
4782,4782,5.0
4783,4783,5.0
4784,4784,5.0
4785,4785,5.0
4786,4786,4.0
4787,4787,5.0
4788,4788,5.0
4789,4789,5.0
4790,4790,5.0
4791,4791,4.0
4792,4792,5.0
4793,4793,5.0
4794,4794,5.0
4795,4795,5.0
4796,4796,5.0
4797,4797,5.0
4798,4798,4.0
4799,4799,5.0
4800,4800,2.0
4801,4801,5.0
4802,4802,5.0
4803,4803,5.0
4804,4804,5.0
4805,4805,4.0
4806,4806,5.0
4807,4807,5.0
4808,4808,5.0
4809,4809,5.0
4810,4810,4.0
4811,4811,5.0
4812,4812,5.0
4813,4813,5.0
4814,4814,5.0
4815,4815,4.0
4816,4816,2.0
4817,4817,5.0
4818,4818,5.0
4819,4819,3.0
4820,4820,4.0
4821,4821,5.0
4822,4822,4.0
4823,4823,4.0
4824,4824,5.0
4825,4825,5.0
4826,4826,5.0
4827,4827,5.0
4828,4828,4.0
4829,4829,5.0
4830,4830,5.0
4831,4831,5.0
4832,4832,4.0
4833,4833,5.0
4834,4834,5.0
4835,4835,5.0
4836,4836,5.0
4837,4837,5.0
4838,4838,5.0
4839,4839,4.0
4840,4840,4.0
4841,4841,5.0
4842,4842,5.0
4843,4843,5.0
4844,4844,4.0
4845,4845,4.0
4846,4846,5.0
4847,4847,5.0
4848,4848,5.0
4849,4849,4.0
4850,4850,5.0
4851,4851,5.0
4852,4852,5.0
4853,4853,5.0
4854,4854,5.0
4855,4855,3.0
4856,4856,5.0
4857,4857,4.0
4858,4858,3.0
4859,4859,2.0
4860,4860,5.0
4861,4861,1.0
4862,4862,2.0
4863,4863,5.0
4864,4864,5.0
4865,4865,5.0
4866,4866,5.0
4867,4867,5.0
4868,4868,5.0
4869,4869,5.0
4870,4870,5.0
4871,4871,4.0
4872,4872,4.0
4873,4873,5.0
4874,4874,5.0
4875,4875,4.0
4876,4876,4.0
4877,4877,4.0
4878,4878,4.0
4879,4879,3.0
4880,4880,5.0
4881,4881,5.0
4882,4882,5.0
4883,4883,5.0
4884,4884,1.0
4885,4885,4.0
4886,4886,5.0
4887,4887,3.0
4888,4888,5.0
4889,4889,4.0
4890,4890,5.0
4891,4891,5.0
4892,4892,4.0
4893,4893,5.0
4894,4894,5.0
4895,4895,5.0
4896,4896,3.0
4897,4897,3.0
4898,4898,3.0
4899,4899,2.0
4900,4900,1.0
4901,4901,5.0
4902,4902,5.0
4903,4903,5.0
4904,4904,5.0
4905,4905,5.0
4906,4906,3.0
4907,4907,5.0
4908,4908,5.0
4909,4909,5.0
4910,4910,5.0
4911,4911,5.0
4912,4912,5.0
4913,4913,5.0
4914,4914,5.0
4915,4915,5.0
4916,4916,3.0
4917,4917,5.0
4918,4918,4.0
4919,4919,5.0
4920,4920,5.0
4921,4921,3.0
4922,4922,5.0
4923,4923,5.0
4924,4924,5.0
4925,4925,5.0
4926,4926,4.0
4927,4927,4.0
4928,4928,3.0
4929,4929,5.0
4930,4930,4.0
4931,4931,5.0
4932,4932,5.0
4933,4933,5.0
4934,4934,2.0
4935,4935,5.0
4936,4936,1.0
4937,4937,4.0
4938,4938,5.0
4939,4939,5.0
4940,4940,5.0
4941,4941,5.0
4942,4942,5.0
4943,4943,5.0
4944,4944,5.0
4945,4945,4.0
4946,4946,5.0
4947,4947,4.0
4948,4948,1.0
4949,4949,5.0
4950,4950,2.0
4951,4951,5.0
4952,4952,2.0
4953,4953,5.0
4954,4954,5.0
4955,4955,5.0
4956,4956,5.0
4957,4957,5.0
4958,4958,5.0
4959,4959,5.0
4960,4960,5.0
4961,4961,5.0
4962,4962,4.0
4963,4963,5.0
4964,4964,5.0
4965,4965,5.0
4966,4966,3.0
4967,4967,1.0
4968,4968,5.0
4969,4969,5.0
4970,4970,4.0
4971,4971,5.0
4972,4972,5.0
4973,4973,5.0
4974,4974,5.0
4975,4975,5.0
4976,4976,5.0
4977,4977,5.0
4978,4978,5.0
4979,4979,5.0
4980,4980,4.0
4981,4981,5.0
4982,4982,4.0
4983,4983,5.0
4984,4984,5.0
4985,4985,5.0
4986,4986,4.0
4987,4987,4.0
4988,4988,5.0
4989,4989,5.0
4990,4990,5.0
4991,4991,5.0
4992,4992,5.0
4993,4993,4.0
4994,4994,1.0
4995,4995,5.0
4996,4996,4.0
4997,4997,5.0
4998,4998,5.0
4999,4999,5.0
5000,5000,5.0
