,Book_id,user_id,rating
0,1,23,4.0
1,1,81,5.0
2,1,141,5.0
3,1,264,5.0
4,1,87,5.0
5,1,131,5.0
6,1,47,5.0
7,1,196,5.0
8,1,144,5.0
9,1,130,5.0
10,1,108,5.0
11,1,15,5.0
12,1,87,5.0
13,1,105,5.0
14,1,123,5.0
15,1,105,5.0
16,1,82,5.0
17,1,106,5.0
18,1,8,5.0
19,1,82,5.0
20,1,142,5.0
21,2,271,5.0
22,2,195,4.0
23,2,94,5.0
24,2,61,5.0
25,2,134,1.0
26,2,24,5.0
27,2,150,3.0
28,2,9,5.0
29,3,10,5.0
30,3,292,4.0
31,3,4,4.0
32,3,38,5.0
33,3,29,5.0
34,3,3,4.0
35,3,16,1.0
36,3,17,5.0
37,3,6,5.0
38,3,99,5.0
39,3,38,5.0
40,3,229,5.0
41,3,172,5.0
42,3,312,5.0
43,3,79,5.0
44,3,38,4.0
45,3,240,4.0
46,3,161,5.0
47,3,165,5.0
48,3,115,4.0
49,3,18,5.0
50,3,114,5.0
51,3,44,4.0
52,3,87,5.0
53,3,17,5.0
54,3,61,5.0
55,3,161,5.0
56,3,298,5.0
57,3,141,1.0
58,3,37,5.0
59,3,33,5.0
60,3,85,5.0
61,3,34,3.0
62,3,23,5.0
63,3,63,3.0
64,3,15,5.0
65,3,87,4.0
66,3,4,4.0
67,3,17,5.0
68,7,185,4.0
69,7,176,4.0
70,7,3,5.0
71,7,175,5.0
72,7,78,3.0
73,7,52,4.0
74,7,3,5.0
75,7,103,5.0
76,7,103,5.0
77,5,5,5.0
78,5,14,4.0
79,5,55,5.0
80,5,324,5.0
81,5,2,5.0
82,5,15,5.0
83,5,69,5.0
84,5,199,5.0
85,5,80,1.0
86,5,42,2.0
87,5,6,2.0
88,5,105,5.0
89,5,275,5.0
90,5,89,5.0
91,5,159,5.0
92,5,135,5.0
93,5,77,5.0
94,5,6,5.0
95,5,125,5.0
96,5,141,3.0
97,5,2,5.0
98,5,8,3.0
99,5,46,4.0
100,5,60,4.0
101,5,28,5.0
102,5,68,5.0
103,5,53,4.0
104,5,124,4.0
105,5,254,4.0
106,5,214,5.0
107,5,169,5.0
108,5,219,5.0
109,5,36,5.0
110,5,70,5.0
111,5,21,4.0
112,5,65,5.0
113,5,4,5.0
114,5,10,5.0
115,5,192,1.0
116,5,20,4.0
117,5,238,5.0
118,5,43,5.0
119,5,3,5.0
120,5,5,5.0
121,5,326,4.0
122,5,293,2.0
123,5,24,2.0
124,5,149,5.0
125,5,39,5.0
126,5,149,5.0
127,5,146,4.0
128,5,117,5.0
129,5,195,4.0
130,5,304,4.0
131,5,304,4.0
132,5,304,4.0
133,5,159,5.0
134,5,52,5.0
135,5,34,5.0
136,5,71,5.0
137,5,184,2.0
138,5,90,5.0
139,5,133,5.0
140,5,260,4.0
141,5,92,5.0
142,5,251,3.0
143,5,7,5.0
144,5,12,4.0
145,5,268,5.0
146,5,76,4.0
147,5,40,4.0
148,5,65,1.0
149,5,2,1.0
150,5,2,2.0
151,5,2,4.0
152,5,97,2.0
153,5,39,5.0
154,5,286,5.0
155,5,86,4.0
156,5,186,5.0
157,5,94,5.0
158,5,305,5.0
159,5,172,5.0
160,5,2,1.0
161,5,91,1.0
162,5,151,5.0
163,5,147,5.0
164,5,72,5.0
165,5,9,5.0
166,5,170,5.0
167,5,74,5.0
168,5,168,5.0
169,5,96,5.0
170,5,201,3.0
171,5,293,2.0
172,5,293,2.0
173,5,281,5.0
174,5,149,5.0
175,5,49,4.0
176,8,31,5.0
177,8,95,4.0
178,8,258,5.0
179,8,60,5.0
180,8,21,4.0
181,8,12,5.0
182,8,46,3.0
183,8,163,5.0
184,8,2,1.0
185,8,21,5.0
186,9,5,4.0
187,9,29,5.0
188,9,156,5.0
189,9,14,5.0
190,9,7,5.0
191,9,162,5.0
192,9,144,5.0
193,9,7,5.0
194,9,24,5.0
195,9,292,2.0
196,9,70,2.0
197,9,284,5.0
198,9,10,5.0
199,9,68,3.0
200,9,37,4.0
201,9,21,3.0
202,10,177,5.0
203,10,234,5.0
204,10,176,5.0
205,10,26,1.0
206,10,76,3.0
207,10,139,3.0
208,10,139,3.0
209,10,229,5.0
210,10,42,4.0
211,10,114,5.0
212,10,114,5.0
213,10,75,5.0
214,10,139,3.0
215,10,139,3.0
216,10,208,4.0
217,10,225,5.0
218,10,258,5.0
219,10,45,5.0
220,10,210,5.0
221,10,2,5.0
222,10,194,3.0
223,10,30,5.0
224,10,88,4.0
225,10,201,5.0
226,10,58,5.0
227,10,139,3.0
228,10,119,3.0
229,10,29,3.0
230,10,111,5.0
231,10,117,5.0
232,10,17,4.0
233,10,216,5.0
234,10,33,5.0
235,10,89,5.0
236,10,209,5.0
237,10,201,5.0
238,10,69,5.0
239,10,18,4.0
240,10,83,5.0
241,10,38,2.0
242,10,139,3.0
243,10,139,3.0
244,10,56,3.0
245,10,88,4.0
246,11,312,5.0
247,11,68,5.0
248,11,317,3.0
249,11,25,5.0
250,11,223,4.0
251,11,10,5.0
252,11,144,5.0
253,11,8,4.0
254,11,16,4.0
255,11,23,5.0
256,11,5,5.0
257,11,146,4.0
258,11,143,5.0
259,11,33,5.0
260,11,9,5.0
261,11,199,4.0
262,12,308,3.0
263,12,50,3.0
264,12,101,5.0
265,12,45,5.0
266,12,65,5.0
267,12,215,5.0
268,12,173,5.0
269,12,297,5.0
270,12,158,5.0
271,12,101,5.0
272,12,1,2.0
273,12,147,5.0
274,12,147,5.0
275,12,318,5.0
276,12,314,5.0
277,12,263,4.0
278,12,162,4.0
279,12,103,4.0
280,12,78,5.0
281,12,80,4.0
282,12,128,5.0
283,12,264,5.0
284,12,136,4.0
285,12,48,4.0
286,12,47,4.0
287,12,314,5.0
288,12,61,5.0
289,12,11,5.0
290,12,280,5.0
291,12,291,4.0
292,12,177,4.0
293,13,5,5.0
294,13,284,5.0
295,13,11,5.0
296,13,187,5.0
297,13,176,4.0
298,13,68,4.0
299,13,19,5.0
300,14,28,4.0
301,14,263,4.0
302,14,173,5.0
303,14,147,5.0
304,14,177,4.0
305,14,48,5.0
306,14,147,4.0
307,14,50,3.0
308,14,258,5.0
309,14,280,4.0
310,14,28,5.0
311,14,291,3.0
312,14,162,1.0
313,14,101,4.0
314,14,9,5.0
315,14,279,5.0
316,14,314,5.0
317,14,91,5.0
318,15,10,5.0
319,15,297,5.0
320,15,193,1.0
321,15,186,3.0
322,15,28,5.0
323,15,307,5.0
324,16,167,1.0
325,16,158,5.0
326,16,41,1.0
327,16,11,5.0
328,16,158,3.0
329,16,211,5.0
330,16,297,2.0
331,16,100,3.0
332,16,3,5.0
333,16,41,1.0
334,16,2,4.0
335,17,88,5.0
336,17,33,5.0
337,17,27,5.0
338,17,229,5.0
339,17,42,5.0
340,17,53,5.0
341,17,8,5.0
342,17,127,4.0
343,17,10,2.0
344,17,166,5.0
345,17,302,1.0
346,17,95,5.0
347,17,187,2.0
348,17,28,5.0
349,17,85,5.0
350,17,31,5.0
351,17,114,5.0
352,17,185,5.0
353,17,221,5.0
354,17,134,5.0
355,17,127,5.0
356,17,5,5.0
357,17,44,5.0
358,17,33,4.0
359,17,87,5.0
360,17,70,5.0
361,18,54,4.0
362,18,227,1.0
363,18,28,5.0
364,18,83,5.0
365,18,197,5.0
366,18,248,5.0
367,18,248,5.0
368,18,155,4.0
369,18,248,5.0
370,18,248,5.0
371,18,248,5.0
372,18,67,5.0
373,18,83,5.0
374,18,46,5.0
375,18,239,2.0
376,18,248,5.0
377,18,2,3.0
378,18,2,5.0
379,18,28,5.0
380,18,81,1.0
381,19,40,4.0
382,19,43,5.0
383,19,8,5.0
384,19,82,5.0
385,19,292,4.0
386,19,18,4.0
387,19,121,5.0
388,19,76,5.0
389,19,308,4.0
390,19,286,5.0
391,19,49,4.0
392,19,270,5.0
393,19,253,5.0
394,19,55,4.0
395,19,257,5.0
396,19,12,2.0
397,19,5,5.0
398,19,270,5.0
399,19,109,5.0
400,19,170,5.0
401,19,58,5.0
402,19,207,4.0
403,19,200,4.0
404,19,63,4.0
405,19,321,5.0
406,20,174,5.0
407,20,31,5.0
408,20,14,5.0
409,20,11,5.0
410,20,196,5.0
411,20,91,5.0
412,20,174,5.0
413,20,2,4.0
414,20,63,5.0
415,20,15,5.0
416,20,41,5.0
417,21,56,5.0
418,21,100,3.0
419,21,160,4.0
420,21,25,3.0
421,21,21,4.0
422,21,25,5.0
423,21,83,5.0
424,22,272,4.0
425,22,198,4.0
426,22,181,5.0
427,22,43,3.0
428,22,6,1.0
429,22,137,1.0
430,22,34,5.0
431,22,191,2.0
432,22,9,5.0
433,22,255,5.0
434,22,273,5.0
435,22,122,4.0
436,22,143,5.0
437,22,131,4.0
438,22,230,1.0
439,22,76,3.0
440,22,197,5.0
441,22,2,5.0
442,22,219,5.0
443,22,154,2.0
444,22,238,4.0
445,22,3,1.0
446,22,45,1.0
447,22,315,5.0
448,22,61,2.0
449,24,99,4.0
450,24,183,4.0
451,24,50,4.0
452,24,297,5.0
453,24,200,1.0
454,24,80,4.0
455,24,118,5.0
456,24,163,5.0
457,24,154,4.0
458,24,121,5.0
459,24,299,3.0
460,24,319,4.0
461,24,119,3.0
462,24,219,5.0
463,24,118,2.0
464,24,158,2.0
465,25,259,1.0
466,25,222,1.0
467,25,256,5.0
468,25,120,5.0
469,25,120,5.0
470,25,120,5.0
471,25,252,5.0
472,25,262,4.0
473,25,96,5.0
474,25,266,4.0
475,25,210,5.0
476,25,269,4.0
477,25,65,5.0
478,25,205,4.0
479,25,138,4.0
480,25,231,5.0
481,25,146,5.0
482,25,30,5.0
483,25,241,5.0
484,25,244,4.0
485,25,43,5.0
486,25,35,5.0
487,25,35,5.0
488,25,233,5.0
489,25,36,4.0
490,25,107,5.0
491,25,153,5.0
492,25,303,5.0
493,25,200,4.0
494,25,93,5.0
495,25,193,5.0
496,25,119,5.0
497,25,34,5.0
498,25,58,5.0
499,25,84,5.0
500,25,203,5.0
501,25,216,5.0
502,25,71,3.0
503,25,30,5.0
504,25,24,5.0
505,25,32,5.0
506,25,177,5.0
507,25,287,4.0
508,25,58,5.0
509,25,8,3.0
510,25,190,5.0
511,25,221,5.0
512,25,153,5.0
513,25,5,4.0
514,25,23,4.0
515,25,151,5.0
516,25,98,4.0
517,25,66,4.0
518,25,75,5.0
519,25,128,5.0
520,25,185,4.0
521,25,239,2.0
522,25,310,4.0
523,25,74,5.0
524,25,206,3.0
525,25,126,3.0
526,25,30,5.0
527,25,322,4.0
528,25,64,4.0
529,25,30,5.0
530,25,253,5.0
531,25,220,5.0
532,25,50,4.0
533,25,294,4.0
534,25,101,5.0
535,25,49,4.0
536,25,115,3.0
537,25,308,4.0
538,25,184,4.0
539,25,281,4.0
540,25,320,4.0
541,25,132,3.0
542,25,276,4.0
543,25,276,4.0
544,25,35,5.0
545,25,35,5.0
546,25,198,5.0
547,25,111,5.0
548,25,90,4.0
549,25,144,5.0
550,25,167,5.0
551,25,2,5.0
552,25,183,5.0
553,25,157,4.0
554,25,14,5.0
555,25,249,5.0
556,25,261,5.0
557,25,223,5.0
558,25,100,4.0
559,25,12,4.0
560,25,175,5.0
561,25,212,2.0
562,25,41,5.0
563,25,160,4.0
564,25,125,5.0
565,25,124,3.0
566,25,62,5.0
567,25,35,5.0
568,25,233,5.0
569,25,320,4.0
570,25,40,5.0
571,25,133,5.0
572,25,267,5.0
573,25,58,5.0
574,26,307,5.0
575,26,242,5.0
576,26,227,4.0
577,26,174,3.0
578,26,230,5.0
579,27,7,5.0
580,27,2,5.0
581,27,312,5.0
582,27,122,1.0
583,27,11,1.0
584,27,292,5.0
585,27,14,5.0
586,27,178,5.0
587,27,180,5.0
588,27,182,5.0
589,27,312,5.0
590,27,11,5.0
591,27,218,4.0
592,27,32,4.0
593,27,19,5.0
594,27,29,5.0
595,27,55,5.0
596,27,118,4.0
597,27,23,5.0
598,27,179,5.0
599,27,66,5.0
600,27,14,5.0
601,27,54,5.0
602,27,179,5.0
603,27,42,5.0
604,27,16,5.0
605,27,8,5.0
606,27,223,5.0
607,27,9,5.0
608,27,173,5.0
609,27,176,5.0
610,27,19,5.0
611,27,4,5.0
612,27,142,5.0
613,27,240,5.0
614,27,135,5.0
615,27,8,5.0
616,27,8,5.0
617,27,44,5.0
618,27,224,5.0
619,27,25,5.0
620,27,24,5.0
621,27,41,5.0
622,27,21,5.0
623,27,15,5.0
624,27,79,4.0
625,27,246,5.0
626,27,222,5.0
627,27,135,5.0
628,27,212,5.0
629,27,101,5.0
630,27,55,4.0
631,27,14,5.0
632,27,21,5.0
633,27,115,5.0
634,27,45,4.0
635,27,7,5.0
636,27,206,5.0
637,27,141,5.0
638,27,130,5.0
639,27,18,5.0
640,27,70,4.0
641,27,275,5.0
642,28,221,4.0
643,28,247,5.0
644,28,16,5.0
645,28,152,5.0
646,28,102,5.0
647,28,11,3.0
648,28,271,4.0
649,28,43,5.0
650,28,39,5.0
651,28,79,5.0
652,28,42,5.0
653,28,317,5.0
654,28,7,5.0
655,28,57,5.0
656,28,3,5.0
657,28,208,1.0
658,28,227,1.0
659,28,183,4.0
660,28,1,5.0
661,28,1,5.0
662,28,57,5.0
663,28,9,5.0
664,28,1,5.0
665,28,153,5.0
666,28,34,5.0
667,28,16,4.0
668,28,285,5.0
669,28,76,5.0
670,28,1,5.0
671,28,12,5.0
672,28,305,5.0
673,28,26,5.0
674,28,1,5.0
675,28,2,5.0
676,28,59,4.0
677,28,149,5.0
678,28,250,5.0
679,28,6,1.0
680,28,112,5.0
681,28,40,4.0
682,28,70,5.0
683,28,232,4.0
684,28,288,4.0
685,28,188,5.0
686,28,255,5.0
687,28,106,5.0
688,28,20,5.0
689,28,96,4.0
690,28,168,5.0
691,28,148,4.0
692,28,3,5.0
693,28,33,5.0
694,28,84,5.0
695,28,301,5.0
696,28,296,3.0
697,28,285,5.0
698,28,5,5.0
699,28,112,5.0
700,28,302,5.0
701,28,128,5.0
702,28,242,3.0
703,28,1,5.0
704,28,235,5.0
705,28,14,5.0
706,28,130,5.0
707,28,1,5.0
708,28,16,5.0
709,28,69,5.0
710,28,301,5.0
711,28,228,4.0
712,28,48,5.0
713,28,18,5.0
714,28,122,5.0
715,28,61,4.0
716,28,93,5.0
717,28,205,5.0
718,28,89,5.0
719,28,169,5.0
720,28,110,5.0
721,28,1,5.0
722,28,36,5.0
723,28,183,4.0
724,28,170,5.0
725,28,297,4.0
726,28,156,5.0
727,28,72,5.0
728,28,213,5.0
729,28,8,5.0
730,28,125,5.0
731,28,294,4.0
732,28,108,5.0
733,28,285,5.0
734,28,315,4.0
735,28,300,5.0
736,28,273,4.0
737,28,1,5.0
738,28,137,3.0
739,28,1,5.0
740,28,2,5.0
741,28,39,5.0
742,28,325,5.0
743,28,54,4.0
744,28,1,5.0
745,28,3,5.0
746,28,1,5.0
747,28,97,5.0
748,28,246,4.0
749,28,4,1.0
750,28,266,1.0
751,28,15,5.0
752,28,1,5.0
753,28,132,5.0
754,28,189,3.0
755,28,137,5.0
756,28,236,3.0
757,28,54,5.0
758,28,1,5.0
759,28,209,5.0
760,28,75,5.0
761,28,71,5.0
762,28,1,5.0
763,28,1,5.0
764,28,1,5.0
765,28,1,5.0
766,28,1,5.0
767,28,300,5.0
768,28,73,4.0
769,28,110,5.0
770,28,74,5.0
771,28,64,5.0
772,28,316,5.0
773,28,1,5.0
774,28,88,5.0
775,28,157,5.0
776,28,202,5.0
777,28,124,4.0
778,28,37,4.0
779,28,4,5.0
780,28,257,5.0
781,28,245,4.0
782,28,178,4.0
783,28,90,4.0
784,28,131,5.0
785,28,226,5.0
786,28,283,5.0
787,28,268,5.0
788,28,203,4.0
789,28,31,5.0
790,28,111,5.0
791,28,303,4.0
792,28,166,5.0
793,28,2,5.0
794,28,226,5.0
795,28,1,5.0
796,28,1,5.0
797,28,10,5.0
798,28,33,5.0
799,28,109,5.0
800,28,38,4.0
801,29,55,4.0
802,29,123,4.0
803,29,15,5.0
804,29,106,5.0
805,29,275,4.0
806,29,93,5.0
807,29,21,4.0
808,29,187,5.0
809,29,322,2.0
810,29,156,5.0
811,29,229,5.0
812,29,41,4.0
813,29,70,5.0
814,29,173,5.0
815,30,110,4.0
816,30,129,4.0
817,30,129,4.0
818,30,47,5.0
819,31,227,5.0
820,31,68,5.0
821,31,131,5.0
822,31,313,4.0
823,31,143,5.0
824,31,27,5.0
825,31,115,5.0
826,31,4,5.0
827,31,158,3.0
828,31,121,4.0
829,32,116,5.0
830,32,107,4.0
831,32,45,4.0
832,32,2,4.0
833,32,11,4.0
834,32,272,4.0
835,32,45,4.0
836,32,298,4.0
837,32,9,5.0
838,32,100,4.0
839,32,11,4.0
840,32,95,3.0
841,32,298,4.0
842,32,318,2.0
843,32,5,1.0
844,32,126,4.0
845,32,11,4.0
846,32,218,2.0
847,32,212,3.0
848,33,194,5.0
849,33,3,3.0
850,33,240,5.0
851,33,24,4.0
852,33,10,2.0
853,33,6,3.0
854,33,55,3.0
855,33,85,4.0
856,33,81,2.0
857,33,144,4.0
858,33,48,5.0
859,33,215,5.0
860,33,272,3.0
861,33,291,1.0
862,33,85,4.0
863,33,199,5.0
864,34,37,5.0
865,34,18,5.0
866,34,64,5.0
867,34,202,5.0
868,34,325,4.0
869,34,103,4.0
870,34,188,5.0
871,34,20,3.0
872,34,197,5.0
873,34,166,4.0
874,34,282,5.0
875,34,151,4.0
876,34,93,4.0
877,34,212,4.0
878,34,238,5.0
879,34,122,2.0
880,34,299,4.0
881,34,20,3.0
882,34,38,4.0
883,34,126,5.0
884,34,243,4.0
885,34,93,4.0
886,34,118,4.0
887,34,179,5.0
888,34,148,2.0
889,34,103,4.0
890,35,291,4.0
891,35,59,5.0
892,35,77,5.0
893,35,244,5.0
894,35,166,5.0
895,35,3,4.0
896,35,224,5.0
897,35,107,5.0
898,35,80,5.0
899,35,78,5.0
900,35,321,5.0
901,35,167,4.0
902,35,3,4.0
903,35,7,2.0
904,35,11,4.0
905,35,4,5.0
906,36,9,5.0
907,36,130,5.0
908,36,197,5.0
909,36,82,5.0
910,36,6,3.0
911,36,47,5.0
912,36,308,3.0
913,36,21,1.0
914,37,93,5.0
915,37,20,4.0
916,37,228,5.0
917,37,6,4.0
918,37,21,5.0
919,37,225,5.0
920,37,225,5.0
921,37,225,5.0
922,37,137,5.0
923,37,185,1.0
924,37,2,2.0
925,37,50,4.0
926,37,9,5.0
927,37,60,4.0
928,37,5,3.0
929,37,46,5.0
930,37,53,2.0
931,37,65,5.0
932,37,161,1.0
933,37,78,3.0
934,37,2,5.0
935,37,139,3.0
936,37,56,5.0
937,37,41,5.0
938,37,295,5.0
939,37,77,5.0
940,37,8,4.0
941,37,92,5.0
942,37,251,3.0
943,37,192,5.0
944,37,98,4.0
945,37,106,5.0
946,37,231,4.0
947,37,9,5.0
948,37,225,5.0
949,37,253,5.0
950,37,209,5.0
951,37,154,5.0
952,37,3,5.0
953,37,26,5.0
954,37,71,5.0
955,37,41,4.0
956,37,49,4.0
957,37,2,5.0
958,37,2,4.0
959,37,142,4.0
960,37,274,1.0
961,37,278,5.0
962,37,31,3.0
963,37,210,5.0
964,37,30,5.0
965,37,9,5.0
966,37,139,3.0
967,37,310,4.0
968,37,2,4.0
969,37,19,4.0
970,38,140,5.0
971,38,307,5.0
972,38,107,5.0
973,38,160,5.0
974,38,130,5.0
975,38,6,5.0
976,38,21,5.0
977,38,103,5.0
978,38,2,5.0
979,38,78,5.0
980,38,22,2.0
981,38,44,5.0
982,38,142,2.0
983,23,8,3.0
984,23,107,5.0
985,23,153,5.0
986,23,303,5.0
987,23,200,4.0
988,23,93,5.0
989,23,193,5.0
990,23,119,5.0
991,23,34,5.0
992,23,133,5.0
993,23,267,5.0
994,23,58,5.0
995,23,35,5.0
996,23,233,5.0
997,23,320,4.0
998,23,40,5.0
999,23,153,5.0
1000,23,5,4.0
1001,23,23,4.0
1002,23,190,5.0
1003,23,221,5.0
1004,23,64,4.0
1005,23,30,5.0
1006,23,253,5.0
1007,23,30,5.0
1008,23,322,4.0
1009,23,259,1.0
1010,23,222,1.0
1011,23,256,5.0
1012,23,120,5.0
1013,23,120,5.0
1014,23,120,5.0
1015,23,252,5.0
1016,23,36,4.0
1017,23,262,4.0
1018,23,96,5.0
1019,23,266,4.0
1020,23,210,5.0
1021,23,269,4.0
1022,23,65,5.0
1023,23,205,4.0
1024,23,138,4.0
1025,23,231,5.0
1026,23,146,5.0
1027,23,183,5.0
1028,23,157,4.0
1029,23,14,5.0
1030,23,24,5.0
1031,23,32,5.0
1032,23,177,5.0
1033,23,287,4.0
1034,23,58,5.0
1035,23,84,5.0
1036,23,203,5.0
1037,23,216,5.0
1038,23,71,3.0
1039,23,30,5.0
1040,23,58,5.0
1041,23,132,3.0
1042,23,276,4.0
1043,23,276,4.0
1044,23,35,5.0
1045,23,35,5.0
1046,23,198,5.0
1047,23,111,5.0
1048,23,90,4.0
1049,23,144,5.0
1050,23,167,5.0
1051,23,2,5.0
1052,23,125,5.0
1053,23,124,3.0
1054,23,62,5.0
1055,23,249,5.0
1056,23,261,5.0
1057,23,223,5.0
1058,23,100,4.0
1059,23,12,4.0
1060,23,175,5.0
1061,23,212,2.0
1062,23,41,5.0
1063,23,160,4.0
1064,23,239,2.0
1065,23,310,4.0
1066,23,74,5.0
1067,23,206,3.0
1068,23,126,3.0
1069,23,151,5.0
1070,23,98,4.0
1071,23,66,4.0
1072,23,75,5.0
1073,23,128,5.0
1074,23,185,4.0
1075,23,233,5.0
1076,23,101,5.0
1077,23,49,4.0
1078,23,115,3.0
1079,23,308,4.0
1080,23,184,4.0
1081,23,281,4.0
1082,23,320,4.0
1083,23,30,5.0
1084,23,241,5.0
1085,23,244,4.0
1086,23,43,5.0
1087,23,35,5.0
1088,23,35,5.0
1089,23,220,5.0
1090,23,50,4.0
1091,23,294,4.0
1092,39,105,5.0
1093,39,126,5.0
1094,39,72,4.0
1095,39,271,5.0
1096,39,77,1.0
1097,39,8,5.0
1098,39,26,5.0
1099,39,25,5.0
1100,41,147,5.0
1101,41,291,3.0
1102,41,263,4.0
1103,41,45,2.0
1104,41,314,5.0
1105,41,173,5.0
1106,41,50,3.0
1107,41,65,5.0
1108,41,47,4.0
1109,41,280,4.0
1110,41,162,4.0
1111,41,218,3.0
1112,41,307,5.0
1113,41,177,3.0
1114,41,101,5.0
1115,41,147,5.0
1116,41,55,5.0
1117,41,78,5.0
1118,41,11,5.0
1119,41,61,5.0
1120,42,87,4.0
1121,42,287,4.0
1122,42,73,3.0
1123,42,111,5.0
1124,42,91,4.0
1125,42,90,4.0
1126,42,197,5.0
1127,42,7,5.0
1128,42,254,4.0
1129,42,74,4.0
1130,42,302,5.0
1131,42,147,4.0
1132,42,17,5.0
1133,42,114,5.0
1134,42,36,5.0
1135,42,45,5.0
1136,42,114,5.0
1137,42,180,5.0
1138,42,72,5.0
1139,42,234,4.0
1140,42,25,5.0
1141,42,282,5.0
1142,42,214,4.0
1143,42,16,5.0
1144,42,146,4.0
1145,42,262,5.0
1146,42,155,3.0
1147,42,155,2.0
1148,42,240,4.0
1149,42,92,5.0
1150,42,45,5.0
1151,42,228,5.0
1152,42,204,4.0
1153,42,133,4.0
1154,42,89,5.0
1155,42,68,5.0
1156,42,168,5.0
1157,42,280,4.0
1158,42,201,5.0
1159,42,319,5.0
1160,42,159,5.0
1161,42,67,4.0
1162,42,269,5.0
1163,42,295,5.0
1164,42,3,4.0
1165,42,22,5.0
1166,42,115,5.0
1167,42,178,5.0
1168,42,3,5.0
1169,42,156,5.0
1170,42,155,5.0
1171,42,28,4.0
1172,42,84,5.0
1173,42,76,4.0
1174,42,40,4.0
1175,42,14,3.0
1176,42,27,5.0
1177,42,118,5.0
1178,42,43,5.0
1179,42,281,5.0
1180,42,296,3.0
1181,42,250,5.0
1182,42,205,4.0
1183,42,184,4.0
1184,42,107,5.0
1185,42,49,4.0
1186,42,20,5.0
1187,42,164,5.0
1188,42,39,5.0
1189,42,171,5.0
1190,42,71,1.0
1191,42,169,5.0
1192,42,39,5.0
1193,42,41,5.0
1194,42,241,5.0
1195,42,17,1.0
1196,42,21,5.0
1197,42,288,5.0
1198,42,159,5.0
1199,42,69,5.0
1200,42,214,4.0
1201,42,19,4.0
1202,42,189,3.0
1203,43,317,5.0
1204,43,27,5.0
1205,43,22,5.0
1206,43,56,5.0
1207,43,2,5.0
1208,43,172,5.0
1209,43,134,1.0
1210,43,240,5.0
1211,43,59,5.0
1212,43,10,5.0
1213,43,3,4.0
1214,43,47,5.0
1215,43,16,5.0
1216,43,162,1.0
1217,43,33,5.0
1218,43,56,5.0
1219,43,155,5.0
1220,43,312,5.0
1221,43,63,5.0
1222,45,7,5.0
1223,45,129,2.0
1224,45,181,5.0
1225,45,148,2.0
1226,45,99,5.0
1227,45,129,2.0
1228,45,243,3.0
1229,45,152,4.0
1230,45,179,3.0
1231,45,129,2.0
1232,45,202,5.0
1233,45,23,4.0
1234,45,129,2.0
1235,45,9,5.0
1236,46,138,2.0
1237,46,47,5.0
1238,46,289,5.0
1239,46,290,5.0
1240,46,79,5.0
1241,46,25,2.0
1242,46,290,5.0
1243,46,215,5.0
1244,46,290,5.0
1245,46,116,5.0
1246,46,162,2.0
1247,46,12,5.0
1248,46,37,4.0
1249,46,98,2.0
1250,46,145,5.0
1251,47,152,3.0
1252,47,2,1.0
1253,47,104,5.0
1254,47,138,3.0
1255,47,48,4.0
1256,47,189,3.0
1257,47,104,2.0
1258,47,77,4.0
1259,47,66,2.0
1260,47,129,2.0
1261,47,31,5.0
1262,47,42,5.0
1263,47,134,4.0
1264,47,253,5.0
1265,47,211,3.0
1266,47,29,3.0
1267,47,4,2.0
1268,47,41,4.0
1269,47,54,4.0
1270,47,134,1.0
1271,47,2,4.0
1272,47,187,4.0
1273,47,23,5.0
1274,47,6,3.0
1275,47,3,1.0
1276,47,181,5.0
1277,47,136,4.0
1278,47,2,2.0
1279,47,184,5.0
1280,47,20,5.0
1281,47,318,1.0
1282,47,284,1.0
1283,47,17,4.0
1284,47,214,4.0
1285,47,2,1.0
1286,47,270,4.0
1287,47,2,1.0
1288,47,22,3.0
1289,47,28,5.0
1290,47,172,4.0
1291,47,5,1.0
1292,47,252,2.0
1293,47,239,2.0
1294,47,24,5.0
1295,48,68,5.0
1296,48,107,5.0
1297,48,18,5.0
1298,48,196,4.0
1299,48,311,5.0
1300,48,311,5.0
1301,48,82,4.0
1302,48,186,5.0
1303,48,107,5.0
1304,48,41,5.0
1305,48,220,5.0
1306,48,265,5.0
1307,48,67,5.0
1308,48,229,4.0
1309,48,222,5.0
1310,49,38,1.0
1311,49,10,1.0
1312,49,299,2.0
1313,49,174,2.0
1314,49,57,1.0
1315,49,26,1.0
1316,49,116,4.0
1317,49,3,3.0
1318,49,6,1.0
1319,49,54,1.0
1320,49,277,5.0
1321,50,158,5.0
1322,50,2,5.0
1323,50,2,5.0
1324,50,279,5.0
1325,50,54,5.0
1326,50,5,5.0
1327,50,2,4.0
1328,50,155,5.0
1329,44,152,5.0
1330,44,301,2.0
1331,44,18,3.0
1332,44,94,5.0
1333,44,29,5.0
1334,44,44,1.0
1335,44,104,4.0
1336,44,92,5.0
1337,44,161,1.0
1338,44,257,5.0
1339,44,109,5.0
1340,44,287,3.0
1341,44,125,5.0
1342,44,52,4.0
1343,44,48,5.0
1344,44,102,4.0
1345,44,295,5.0
1346,44,51,5.0
1347,44,164,5.0
1348,44,110,5.0
1349,44,208,5.0
1350,44,51,4.0
1351,44,77,5.0
1352,44,206,5.0
1353,44,116,5.0
1354,44,127,4.0
1355,44,57,4.0
1356,44,102,4.0
1357,44,7,5.0
1358,44,69,5.0
1359,44,83,5.0
1360,44,46,5.0
1361,44,7,4.0
1362,44,25,5.0
1363,44,164,5.0
1364,44,89,5.0
1365,44,33,5.0
1366,44,90,4.0
1367,44,36,5.0
1368,44,168,4.0
1369,44,151,5.0
1370,44,70,5.0
1371,44,34,5.0
1372,44,170,5.0
1373,44,20,5.0
1374,44,109,5.0
1375,44,198,4.0
1376,44,51,3.0
1377,44,242,1.0
1378,44,213,5.0
1379,44,59,3.0
1380,44,111,5.0
1381,44,263,5.0
1382,44,286,1.0
1383,44,84,5.0
1384,44,60,4.0
1385,44,192,5.0
1386,44,217,4.0
1387,44,264,5.0
1388,44,86,5.0
1389,44,245,4.0
1390,44,40,3.0
1391,44,316,5.0
1392,44,234,2.0
1393,44,72,5.0
1394,44,296,3.0
1395,44,236,5.0
1396,44,13,5.0
1397,44,51,5.0
1398,44,164,5.0
1399,44,16,3.0
1400,44,74,5.0
1401,44,204,4.0
1402,44,51,4.0
1403,44,53,5.0
1404,44,15,5.0
1405,44,59,5.0
1406,44,58,5.0
1407,44,51,5.0
1408,44,254,4.0
1409,44,95,5.0
1410,44,246,4.0
1411,44,16,2.0
1412,44,255,1.0
1413,44,283,3.0
1414,44,13,5.0
1415,44,13,5.0
1416,44,13,5.0
1417,44,13,5.0
1418,44,13,5.0
1419,44,79,5.0
1420,44,256,5.0
1421,44,31,3.0
1422,44,171,3.0
1423,44,18,5.0
1424,44,49,4.0
1425,44,50,2.0
1426,44,247,2.0
1427,44,73,3.0
1428,44,53,4.0
1429,44,17,4.0
1430,44,136,1.0
1431,44,292,1.0
1432,44,226,4.0
1433,44,272,4.0
1434,44,310,4.0
1435,44,265,5.0
1436,44,171,5.0
1437,44,288,3.0
1438,44,112,5.0
1439,44,112,5.0
1440,44,112,5.0
1441,44,13,5.0
1442,44,13,5.0
1443,44,13,5.0
1444,44,13,5.0
1445,44,13,5.0
1446,44,178,5.0
1447,44,305,5.0
1448,44,6,3.0
1449,44,51,5.0
1450,44,63,5.0
1451,44,10,5.0
1452,44,56,5.0
1453,44,15,4.0
1454,44,4,5.0
1455,44,235,5.0
1456,44,32,4.0
1457,44,44,5.0
1458,44,11,2.0
1459,44,39,4.0
1460,44,64,5.0
1461,44,67,5.0
1462,44,43,5.0
1463,44,71,3.0
1464,51,157,5.0
1465,51,3,5.0
1466,51,127,5.0
1467,51,48,5.0
1468,51,323,5.0
1469,51,67,5.0
1470,51,168,4.0
1471,51,210,5.0
1472,51,313,5.0
1473,51,48,5.0
1474,51,38,3.0
1475,51,205,5.0
1476,51,8,5.0
1477,51,28,4.0
1478,51,323,5.0
1479,51,122,3.0
1480,51,299,5.0
1481,51,145,5.0
1482,51,52,5.0
1483,51,48,5.0
1484,51,48,4.0
1485,51,323,5.0
1486,51,150,5.0
1487,51,229,5.0
1488,51,2,5.0
1489,51,323,5.0
1490,51,108,5.0
1491,8,21,4.0
1492,8,12,5.0
1493,8,46,3.0
1494,8,163,5.0
1495,8,31,5.0
1496,8,21,5.0
1497,8,2,1.0
1498,8,95,4.0
1499,8,60,5.0
1500,8,258,5.0
1501,46,138,2.0
1502,46,47,5.0
1503,46,289,5.0
1504,46,25,2.0
1505,46,79,5.0
1506,46,145,5.0
1507,46,290,5.0
1508,46,116,5.0
1509,46,162,2.0
1510,46,290,5.0
1511,46,215,5.0
1512,46,12,5.0
1513,46,290,5.0
1514,46,37,4.0
1515,46,98,2.0
1516,4,192,5.0
1517,4,94,5.0
1518,4,37,4.0
1519,4,77,4.0
1520,4,206,4.0
1521,4,37,4.0
1522,4,29,5.0
1523,4,137,5.0
1524,4,18,5.0
1525,4,23,5.0
1526,4,66,4.0
1527,4,213,5.0
1528,4,175,5.0
1529,4,74,5.0
1530,4,2,5.0
1531,4,1,5.0
1532,4,2,5.0
1533,4,60,5.0
1534,4,314,4.0
1535,4,2,5.0
1536,4,2,5.0
1537,4,273,3.0
1538,4,133,5.0
1539,4,209,4.0
1540,4,56,5.0
1541,4,71,5.0
1542,4,324,3.0
1543,4,2,3.0
1544,4,119,3.0
1545,4,84,3.0
1546,4,135,4.0
1547,4,27,5.0
1548,4,1,5.0
1549,4,1,5.0
1550,4,116,5.0
1551,4,1,5.0
1552,4,52,5.0
1553,4,1,5.0
1554,4,271,5.0
1555,4,1,5.0
1556,4,1,5.0
1557,4,1,5.0
1558,4,294,3.0
1559,4,98,4.0
1560,4,156,5.0
1561,4,24,5.0
1562,4,128,5.0
1563,4,251,3.0
1564,4,196,5.0
1565,4,1,5.0
1566,4,3,5.0
1567,4,268,5.0
1568,4,143,5.0
1569,4,16,1.0
1570,4,100,1.0
1571,4,2,5.0
1572,4,146,5.0
1573,4,2,5.0
1574,4,89,5.0
1575,4,23,4.0
1576,4,92,5.0
1577,4,27,5.0
1578,4,143,4.0
1579,4,61,5.0
1580,4,1,5.0
1581,4,1,5.0
1582,4,1,5.0
1583,4,130,5.0
1584,4,1,5.0
1585,4,1,5.0
1586,4,190,3.0
1587,4,296,3.0
1588,4,144,5.0
1589,4,295,5.0
1590,4,93,5.0
1591,4,122,5.0
1592,4,161,5.0
1593,4,49,4.0
1594,4,180,5.0
1595,4,250,5.0
1596,4,264,5.0
1597,4,26,4.0
1598,4,109,5.0
1599,4,20,5.0
1600,4,1,5.0
1601,4,2,5.0
1602,4,18,5.0
1603,4,75,5.0
1604,4,158,5.0
1605,4,278,5.0
1606,4,194,5.0
1607,4,275,4.0
1608,4,208,4.0
1609,4,110,5.0
1610,4,1,5.0
1611,4,1,5.0
1612,4,245,4.0
1613,4,25,5.0
1614,4,1,5.0
1615,4,1,5.0
1616,4,4,5.0
1617,4,69,5.0
1618,52,193,3.0
1619,52,9,5.0
1620,52,163,4.0
1621,52,190,4.0
1622,52,78,2.0
1623,52,277,5.0
1624,52,319,2.0
1625,52,249,5.0
1626,52,326,3.0
1627,52,66,1.0
1628,52,273,4.0
1629,52,106,4.0
1630,53,83,3.0
1631,53,186,5.0
1632,53,101,5.0
1633,53,80,5.0
1634,53,35,5.0
1635,53,237,5.0
1636,53,225,5.0
1637,53,77,5.0
1638,53,68,4.0
1639,53,62,5.0
1640,53,5,5.0
1641,53,225,5.0
1642,53,211,5.0
1643,53,135,5.0
1644,53,121,4.0
1645,53,14,1.0
1646,53,154,5.0
1647,53,43,5.0
1648,53,313,3.0
1649,54,163,5.0
1650,54,284,4.0
1651,54,155,5.0
1652,54,19,5.0
1653,54,196,5.0
1654,54,21,2.0
1655,54,80,5.0
1656,54,63,5.0
1657,54,67,4.0
1658,54,80,5.0
1659,54,17,5.0
1660,54,7,5.0
1661,54,106,4.0
1662,54,223,5.0
1663,54,63,5.0
1664,54,6,3.0
1665,54,21,4.0
1666,54,83,5.0
1667,55,81,3.0
1668,55,16,5.0
1669,55,174,3.0
1670,55,202,5.0
1671,55,198,3.0
1672,55,195,4.0
1673,55,325,4.0
1674,55,88,4.0
1675,55,127,3.0
1676,55,313,4.0
1677,55,87,5.0
1678,55,282,4.0
1679,55,306,4.0
1680,55,309,3.0
1681,55,145,5.0
1682,55,9,5.0
1683,55,81,5.0
1684,55,165,4.0
1685,55,108,4.0
1686,55,56,4.0
1687,55,272,2.0
1688,55,116,5.0
1689,55,135,5.0
1690,55,299,4.0
1691,55,117,4.0
1692,55,6,1.0
1693,55,105,5.0
1694,55,181,4.0
1695,55,52,4.0
1696,55,298,4.0
1697,55,237,5.0
1698,56,306,5.0
1699,56,191,5.0
1700,56,27,5.0
1701,56,140,5.0
1702,56,32,5.0
1703,56,300,5.0
1704,56,82,5.0
1705,56,46,4.0
1706,56,271,5.0
1707,56,244,2.0
1708,56,27,4.0
1709,56,42,5.0
1710,56,25,4.0
1711,57,78,5.0
1712,57,237,5.0
1713,57,60,4.0
1714,57,115,1.0
1715,57,117,5.0
1716,57,5,5.0
1717,57,160,4.0
1718,57,242,4.0
1719,57,193,4.0
1720,57,22,5.0
1721,57,9,5.0
1722,57,99,5.0
1723,57,218,5.0
1724,57,22,5.0
1725,57,277,5.0
1726,57,5,5.0
1727,57,284,5.0
1728,57,2,5.0
1729,57,211,5.0
1730,57,67,5.0
1731,58,12,3.0
1732,58,243,4.0
1733,58,325,5.0
1734,58,140,1.0
1735,58,53,5.0
1736,58,2,5.0
1737,58,53,4.0
1738,58,10,2.0
1739,58,10,4.0
1740,58,2,5.0
1741,58,103,4.0
1742,58,119,4.0
1743,58,7,5.0
1744,58,57,2.0
1745,58,81,5.0
1746,58,47,4.0
1747,58,44,5.0
1748,58,26,3.0
1749,58,212,3.0
1750,58,188,4.0
1751,58,9,5.0
1752,58,28,3.0
1753,58,24,3.0
1754,59,97,1.0
1755,59,11,5.0
1756,59,121,5.0
1757,59,11,5.0
1758,59,66,5.0
1759,59,28,5.0
1760,59,207,5.0
1761,59,136,4.0
1762,5,39,5.0
1763,5,286,5.0
1764,5,86,4.0
1765,5,186,5.0
1766,5,94,5.0
1767,5,305,5.0
1768,5,39,5.0
1769,5,149,5.0
1770,5,146,4.0
1771,5,117,5.0
1772,5,172,5.0
1773,5,52,5.0
1774,5,91,1.0
1775,5,2,1.0
1776,5,168,5.0
1777,5,96,5.0
1778,5,281,5.0
1779,5,201,3.0
1780,5,293,2.0
1781,5,293,2.0
1782,5,149,5.0
1783,5,49,4.0
1784,5,149,5.0
1785,5,195,4.0
1786,5,304,4.0
1787,5,304,4.0
1788,5,304,4.0
1789,5,159,5.0
1790,5,34,5.0
1791,5,71,5.0
1792,5,184,2.0
1793,5,90,5.0
1794,5,133,5.0
1795,5,260,4.0
1796,5,7,5.0
1797,5,92,5.0
1798,5,251,3.0
1799,5,12,4.0
1800,5,268,5.0
1801,5,76,4.0
1802,5,151,5.0
1803,5,147,5.0
1804,5,72,5.0
1805,5,40,4.0
1806,5,9,5.0
1807,5,170,5.0
1808,5,74,5.0
1809,5,2,2.0
1810,5,2,4.0
1811,5,97,2.0
1812,5,65,1.0
1813,5,2,1.0
1814,5,125,5.0
1815,5,141,3.0
1816,5,2,5.0
1817,5,8,3.0
1818,5,53,4.0
1819,5,124,4.0
1820,5,65,5.0
1821,5,70,5.0
1822,5,21,4.0
1823,5,10,5.0
1824,5,4,5.0
1825,5,238,5.0
1826,5,43,5.0
1827,5,3,5.0
1828,5,192,1.0
1829,5,20,4.0
1830,5,5,5.0
1831,5,24,2.0
1832,5,326,4.0
1833,5,293,2.0
1834,5,77,5.0
1835,5,89,5.0
1836,5,159,5.0
1837,5,14,4.0
1838,5,55,5.0
1839,5,5,5.0
1840,5,324,5.0
1841,5,2,5.0
1842,5,69,5.0
1843,5,199,5.0
1844,5,15,5.0
1845,5,42,2.0
1846,5,80,1.0
1847,5,6,2.0
1848,5,254,4.0
1849,5,214,5.0
1850,5,169,5.0
1851,5,219,5.0
1852,5,36,5.0
1853,5,46,4.0
1854,5,60,4.0
1855,5,28,5.0
1856,5,68,5.0
1857,5,105,5.0
1858,5,275,5.0
1859,5,6,5.0
1860,5,135,5.0
1861,60,194,5.0
1862,60,110,5.0
1863,60,130,4.0
1864,60,311,5.0
1865,60,81,5.0
1866,60,24,5.0
1867,60,191,5.0
1868,60,277,5.0
1869,60,15,2.0
1870,60,81,5.0
1871,60,258,5.0
1872,60,47,5.0
1873,60,17,5.0
1874,60,144,5.0
1875,60,45,5.0
1876,60,57,5.0
1877,60,81,5.0
1878,60,23,5.0
1879,60,46,5.0
1880,60,4,5.0
1881,60,6,5.0
1882,60,4,5.0
1883,60,145,5.0
1884,60,14,5.0
1885,60,39,5.0
1886,60,34,5.0
1887,60,306,5.0
1888,60,57,5.0
1889,60,150,4.0
1890,4,1,5.0
1891,61,4,4.0
1892,61,8,4.0
1893,61,315,1.0
1894,61,163,5.0
1895,61,309,4.0
1896,61,17,3.0
1897,61,93,1.0
1898,61,95,5.0
1899,61,67,4.0
1900,61,300,4.0
1901,61,164,4.0
1902,61,119,5.0
1903,62,12,5.0
1904,62,32,5.0
1905,62,230,1.0
1906,62,150,5.0
1907,62,29,1.0
1908,62,99,1.0
1909,62,97,1.0
1910,62,191,1.0
1911,62,19,4.0
1912,62,61,1.0
1913,62,182,5.0
1914,62,274,5.0
1915,62,123,4.0
1916,62,180,5.0
1917,62,14,4.0
1918,62,187,1.0
1919,62,178,5.0
1920,62,14,5.0
1921,62,33,5.0
1922,62,7,5.0
1923,62,10,1.0
1924,62,191,1.0
1925,62,194,4.0
1926,62,33,5.0
1927,63,8,5.0
1928,63,99,4.0
1929,63,289,5.0
1930,63,54,5.0
1931,63,148,4.0
1932,63,309,4.0
1933,63,207,4.0
1934,63,108,5.0
1935,63,70,4.0
1936,63,95,5.0
1937,63,17,5.0
1938,63,23,5.0
1939,63,127,5.0
1940,63,129,5.0
1941,63,160,5.0
1942,63,27,5.0
1943,63,127,4.0
1944,63,172,5.0
1945,63,298,5.0
1946,63,234,4.0
1947,63,181,5.0
1948,63,52,5.0
1949,63,155,5.0
1950,63,224,5.0
1951,63,42,5.0
1952,63,129,5.0
1953,63,105,4.0
1954,63,182,5.0
1955,63,6,5.0
1956,63,299,3.0
1957,63,105,5.0
1958,63,274,5.0
1959,63,134,5.0
1960,64,27,3.0
1961,64,6,5.0
1962,64,66,5.0
1963,64,91,4.0
1964,64,1,5.0
1965,64,307,2.0
1966,64,2,2.0
1967,64,26,3.0
1968,64,86,3.0
1969,64,25,1.0
1970,64,11,4.0
1971,64,24,4.0
1972,64,38,5.0
1973,64,251,3.0
1974,64,279,3.0
1975,64,49,4.0
1976,64,178,5.0
1977,64,60,5.0
1978,64,22,3.0
1979,64,37,3.0
1980,64,38,5.0
1981,64,92,5.0
1982,64,303,4.0
1983,64,69,5.0
1984,64,124,4.0
1985,64,2,5.0
1986,64,216,5.0
1987,64,254,5.0
1988,64,256,5.0
1989,64,286,3.0
1990,64,2,2.0
1991,64,324,3.0
1992,64,30,3.0
1993,64,2,3.0
1994,64,150,4.0
1995,64,123,1.0
1996,64,1,5.0
1997,64,288,3.0
1998,64,150,3.0
1999,64,64,5.0
2000,64,117,5.0
2001,64,224,4.0
2002,64,7,5.0
2003,64,250,5.0
2004,64,40,4.0
2005,64,20,5.0
2006,64,3,5.0
2007,64,209,4.0
2008,64,266,1.0
2009,64,80,1.0
2010,64,52,5.0
2011,64,39,5.0
2012,64,23,4.0
2013,64,24,3.0
2014,64,2,1.0
2015,64,1,5.0
2016,64,265,5.0
2017,64,1,5.0
2018,64,96,4.0
2019,64,179,4.0
2020,64,3,5.0
2021,64,241,5.0
2022,64,47,5.0
2023,64,10,2.0
2024,64,156,5.0
2025,64,278,5.0
2026,65,1,5.0
2027,65,220,5.0
2028,65,64,5.0
2029,65,1,5.0
2030,65,1,5.0
2031,65,84,5.0
2032,65,113,4.0
2033,65,59,4.0
2034,65,245,3.0
2035,65,86,3.0
2036,65,111,5.0
2037,65,194,4.0
2038,65,43,5.0
2039,65,204,3.0
2040,65,89,5.0
2041,65,263,4.0
2042,65,289,5.0
2043,65,132,4.0
2044,65,29,5.0
2045,65,278,5.0
2046,65,92,5.0
2047,65,19,1.0
2048,65,67,3.0
2049,65,70,4.0
2050,65,148,2.0
2051,65,250,5.0
2052,65,19,5.0
2053,65,49,4.0
2054,65,22,4.0
2055,65,1,5.0
2056,65,113,5.0
2057,65,1,5.0
2058,65,1,5.0
2059,65,1,5.0
2060,65,1,5.0
2061,65,1,5.0
2062,65,36,4.0
2063,65,40,3.0
2064,65,12,1.0
2065,65,4,5.0
2066,65,34,5.0
2067,65,86,5.0
2068,65,115,5.0
2069,65,159,5.0
2070,65,1,5.0
2071,65,72,5.0
2072,65,113,5.0
2073,65,26,5.0
2074,65,190,5.0
2075,65,113,5.0
2076,65,1,5.0
2077,65,237,4.0
2078,65,69,5.0
2079,65,180,4.0
2080,65,283,4.0
2081,65,34,4.0
2082,65,75,5.0
2083,65,113,4.0
2084,65,1,5.0
2085,65,268,4.0
2086,65,1,5.0
2087,65,306,5.0
2088,65,1,5.0
2089,65,73,3.0
2090,65,195,5.0
2091,65,63,4.0
2092,65,170,5.0
2093,65,74,4.0
2094,65,26,5.0
2095,65,236,2.0
2096,65,295,5.0
2097,65,87,5.0
2098,65,257,5.0
2099,65,169,5.0
2100,65,1,5.0
2101,65,113,5.0
2102,66,3,3.0
2103,44,164,5.0
2104,44,89,5.0
2105,44,33,5.0
2106,44,90,4.0
2107,44,36,5.0
2108,44,152,5.0
2109,44,44,1.0
2110,44,94,5.0
2111,44,29,5.0
2112,44,104,4.0
2113,44,92,5.0
2114,44,161,1.0
2115,44,257,5.0
2116,44,287,3.0
2117,44,109,5.0
2118,44,102,4.0
2119,44,295,5.0
2120,44,127,4.0
2121,44,77,5.0
2122,44,255,1.0
2123,44,283,3.0
2124,44,16,2.0
2125,44,69,5.0
2126,44,57,4.0
2127,44,102,4.0
2128,44,7,5.0
2129,44,83,5.0
2130,44,46,5.0
2131,44,7,4.0
2132,44,25,5.0
2133,44,168,4.0
2134,44,151,5.0
2135,44,20,5.0
2136,44,70,5.0
2137,44,34,5.0
2138,44,170,5.0
2139,44,247,2.0
2140,44,73,3.0
2141,44,50,2.0
2142,44,198,4.0
2143,44,51,3.0
2144,44,109,5.0
2145,44,242,1.0
2146,44,213,5.0
2147,44,59,3.0
2148,44,111,5.0
2149,44,263,5.0
2150,44,51,5.0
2151,44,164,5.0
2152,44,110,5.0
2153,44,208,5.0
2154,44,51,4.0
2155,44,125,5.0
2156,44,52,4.0
2157,44,48,5.0
2158,44,206,5.0
2159,44,116,5.0
2160,44,192,5.0
2161,44,217,4.0
2162,44,264,5.0
2163,44,84,5.0
2164,44,60,4.0
2165,44,245,4.0
2166,44,40,3.0
2167,44,86,5.0
2168,44,234,2.0
2169,44,72,5.0
2170,44,316,5.0
2171,44,296,3.0
2172,44,18,3.0
2173,44,2,1.0
2174,44,2,5.0
2175,44,301,2.0
2176,44,2,1.0
2177,44,2,1.0
2178,44,236,5.0
2179,44,51,4.0
2180,44,16,3.0
2181,44,74,5.0
2182,44,204,4.0
2183,44,53,5.0
2184,44,15,5.0
2185,44,51,5.0
2186,44,254,4.0
2187,44,59,5.0
2188,44,58,5.0
2189,44,95,5.0
2190,44,246,4.0
2191,44,63,5.0
2192,44,51,5.0
2193,44,13,5.0
2194,44,13,5.0
2195,44,13,5.0
2196,44,13,5.0
2197,44,13,5.0
2198,44,31,3.0
2199,44,171,3.0
2200,44,79,5.0
2201,44,256,5.0
2202,44,18,5.0
2203,44,49,4.0
2204,44,53,4.0
2205,44,51,5.0
2206,44,164,5.0
2207,44,13,5.0
2208,44,226,4.0
2209,44,272,4.0
2210,44,310,4.0
2211,44,265,5.0
2212,44,171,5.0
2213,44,17,4.0
2214,44,136,1.0
2215,44,292,1.0
2216,44,288,3.0
2217,44,112,5.0
2218,44,112,5.0
2219,44,112,5.0
2220,44,13,5.0
2221,44,13,5.0
2222,44,13,5.0
2223,44,13,5.0
2224,44,13,5.0
2225,44,305,5.0
2226,44,178,5.0
2227,44,286,1.0
2228,44,6,3.0
2229,44,10,5.0
2230,44,56,5.0
2231,44,15,4.0
2232,44,235,5.0
2233,44,32,4.0
2234,44,44,5.0
2235,44,11,2.0
2236,44,4,5.0
2237,44,43,5.0
2238,44,39,4.0
2239,44,64,5.0
2240,44,67,5.0
2241,44,71,3.0
2242,67,90,4.0
2243,67,73,4.0
2244,67,39,5.0
2245,67,55,5.0
2246,67,55,5.0
2247,67,45,5.0
2248,67,204,5.0
2249,67,270,5.0
2250,67,270,5.0
2251,67,8,5.0
2252,67,200,5.0
2253,67,260,5.0
2254,67,25,5.0
2255,67,2,5.0
2256,67,20,5.0
2257,67,176,5.0
2258,67,39,5.0
2259,67,282,5.0
2260,67,201,5.0
2261,67,85,2.0
2262,67,20,5.0
2263,67,227,5.0
2264,67,246,4.0
2265,67,252,5.0
2266,67,61,4.0
2267,67,5,5.0
2268,67,220,5.0
2269,68,319,2.0
2270,68,59,5.0
2271,68,162,2.0
2272,68,216,5.0
2273,68,211,4.0
2274,68,280,3.0
2275,68,314,4.0
2276,68,10,4.0
2277,68,73,2.0
2278,68,122,4.0
2279,68,284,5.0
2280,68,146,5.0
2281,68,50,3.0
2282,68,2,2.0
2283,68,96,5.0
2284,68,8,5.0
2285,68,86,4.0
2286,68,37,5.0
2287,68,30,5.0
2288,68,262,4.0
2289,68,30,5.0
2290,68,261,5.0
2291,68,3,5.0
2292,68,269,5.0
2293,69,18,5.0
2294,69,17,5.0
2295,69,181,5.0
2296,69,322,3.0
2297,69,176,2.0
2298,70,26,4.0
2299,70,107,5.0
2300,70,62,4.0
2301,70,2,5.0
2302,70,22,3.0
2303,70,199,3.0
2304,70,207,4.0
2305,70,102,5.0
2306,70,95,4.0
2307,70,260,5.0
2308,70,42,3.0
2309,70,6,1.0
2310,70,100,4.0
2311,70,88,5.0
2312,70,22,5.0
2313,70,28,4.0
2314,70,142,4.0
2315,70,11,4.0
2316,70,45,3.0
2317,70,291,3.0
2318,70,252,4.0
2319,70,3,3.0
2320,70,5,1.0
2321,70,68,1.0
2322,70,22,5.0
2323,71,83,5.0
2324,71,136,5.0
2325,71,185,5.0
2326,71,18,5.0
2327,71,203,5.0
2328,71,123,5.0
2329,71,307,5.0
2330,71,88,2.0
2331,52,190,4.0
2332,52,78,2.0
2333,52,277,5.0
2334,52,163,4.0
2335,52,193,3.0
2336,52,9,5.0
2337,52,106,4.0
2338,52,273,4.0
2339,52,66,1.0
2340,52,249,5.0
2341,52,326,3.0
2342,52,319,2.0
2343,72,4,4.0
2344,72,208,2.0
2345,72,45,5.0
2346,72,318,5.0
2347,72,180,1.0
2348,72,261,4.0
2349,72,220,5.0
2350,72,189,5.0
2351,72,173,1.0
2352,72,62,1.0
2353,72,136,5.0
2354,72,14,5.0
2355,79,80,5.0
2356,79,29,5.0
2357,79,53,4.0
2358,79,29,4.0
2359,79,60,4.0
2360,79,54,5.0
2361,79,20,5.0
2362,79,131,5.0
2363,79,50,3.0
2364,79,106,5.0
2365,79,189,5.0
2366,79,91,5.0
2367,79,171,5.0
2368,79,104,5.0
2369,79,82,5.0
2370,79,20,5.0
2371,79,15,5.0
2372,80,207,5.0
2373,80,3,4.0
2374,80,2,5.0
2375,80,217,2.0
2376,80,98,5.0
2377,80,2,5.0
2378,80,2,5.0
2379,80,4,5.0
2380,80,104,5.0
2381,80,196,4.0
2382,80,105,5.0
2383,80,97,4.0
2384,80,33,4.0
2385,80,32,5.0
2386,80,94,4.0
2387,80,165,4.0
2388,80,228,5.0
2389,80,16,3.0
2390,80,15,5.0
2391,23,153,5.0
2392,23,5,4.0
2393,23,23,4.0
2394,23,190,5.0
2395,23,221,5.0
2396,23,30,5.0
2397,23,241,5.0
2398,23,244,4.0
2399,23,43,5.0
2400,23,35,5.0
2401,23,35,5.0
2402,23,233,5.0
2403,23,8,3.0
2404,23,107,5.0
2405,23,153,5.0
2406,23,303,5.0
2407,23,200,4.0
2408,23,93,5.0
2409,23,193,5.0
2410,23,119,5.0
2411,23,34,5.0
2412,23,58,5.0
2413,23,84,5.0
2414,23,203,5.0
2415,23,216,5.0
2416,23,71,3.0
2417,23,30,5.0
2418,23,24,5.0
2419,23,32,5.0
2420,23,177,5.0
2421,23,287,4.0
2422,23,58,5.0
2423,23,36,4.0
2424,23,262,4.0
2425,23,96,5.0
2426,23,266,4.0
2427,23,210,5.0
2428,23,269,4.0
2429,23,65,5.0
2430,23,205,4.0
2431,23,138,4.0
2432,23,231,5.0
2433,23,146,5.0
2434,23,259,1.0
2435,23,222,1.0
2436,23,256,5.0
2437,23,120,5.0
2438,23,120,5.0
2439,23,120,5.0
2440,23,252,5.0
2441,23,125,5.0
2442,23,124,3.0
2443,23,62,5.0
2444,23,30,5.0
2445,23,322,4.0
2446,23,64,4.0
2447,23,30,5.0
2448,23,253,5.0
2449,23,249,5.0
2450,23,261,5.0
2451,23,223,5.0
2452,23,100,4.0
2453,23,12,4.0
2454,23,175,5.0
2455,23,212,2.0
2456,23,41,5.0
2457,23,160,4.0
2458,23,183,5.0
2459,23,157,4.0
2460,23,14,5.0
2461,23,132,3.0
2462,23,276,4.0
2463,23,276,4.0
2464,23,35,5.0
2465,23,35,5.0
2466,23,198,5.0
2467,23,111,5.0
2468,23,90,4.0
2469,23,144,5.0
2470,23,167,5.0
2471,23,2,5.0
2472,23,101,5.0
2473,23,49,4.0
2474,23,115,3.0
2475,23,308,4.0
2476,23,184,4.0
2477,23,281,4.0
2478,23,320,4.0
2479,23,220,5.0
2480,23,50,4.0
2481,23,294,4.0
2482,23,239,2.0
2483,23,310,4.0
2484,23,74,5.0
2485,23,206,3.0
2486,23,126,3.0
2487,23,35,5.0
2488,23,233,5.0
2489,23,320,4.0
2490,23,40,5.0
2491,23,133,5.0
2492,23,267,5.0
2493,23,58,5.0
2494,23,151,5.0
2495,23,98,4.0
2496,23,66,4.0
2497,23,75,5.0
2498,23,128,5.0
2499,23,185,4.0
2500,30,165,5.0
2501,30,282,5.0
2502,30,36,5.0
2503,30,33,5.0
2504,30,7,2.0
2505,30,132,5.0
2506,30,188,5.0
2507,30,73,4.0
2508,30,46,3.0
2509,30,56,5.0
2510,30,219,5.0
2511,30,1,4.0
2512,30,64,4.0
2513,30,27,5.0
2514,30,76,4.0
2515,30,235,4.0
2516,30,108,5.0
2517,30,267,4.0
2518,30,157,5.0
2519,30,44,4.0
2520,30,40,2.0
2521,30,167,5.0
2522,30,232,5.0
2523,30,4,5.0
2524,30,152,4.0
2525,30,265,2.0
2526,30,12,5.0
2527,30,109,5.0
2528,30,38,5.0
2529,30,169,4.0
2530,30,315,4.0
2531,30,232,5.0
2532,30,204,4.0
2533,30,182,5.0
2534,30,34,5.0
2535,30,126,4.0
2536,30,1,4.0
2537,30,1,4.0
2538,30,231,4.0
2539,30,1,4.0
2540,30,316,5.0
2541,30,140,4.0
2542,30,279,5.0
2543,30,38,5.0
2544,30,5,5.0
2545,81,24,4.0
2546,81,79,2.0
2547,81,236,1.0
2548,81,37,5.0
2549,81,182,3.0
2550,81,10,5.0
2551,83,86,5.0
2552,83,82,3.0
2553,83,175,5.0
2554,83,172,5.0
2555,83,23,1.0
2556,83,31,5.0
2557,83,19,5.0
2558,83,45,3.0
2559,83,114,5.0
2560,83,19,5.0
2561,84,29,5.0
2562,84,117,5.0
2563,84,174,5.0
2564,84,229,4.0
2565,84,87,1.0
2566,84,167,1.0
2567,84,14,5.0
2568,30,33,5.0
2569,30,7,2.0
2570,30,36,5.0
2571,30,132,5.0
2572,30,188,5.0
2573,30,73,4.0
2574,30,157,5.0
2575,30,44,4.0
2576,30,108,5.0
2577,30,267,4.0
2578,30,46,3.0
2579,30,56,5.0
2580,30,219,5.0
2581,30,1,4.0
2582,30,64,4.0
2583,30,27,5.0
2584,30,165,5.0
2585,30,282,5.0
2586,30,40,2.0
2587,30,76,4.0
2588,30,235,4.0
2589,30,232,5.0
2590,30,167,5.0
2591,30,231,4.0
2592,30,1,4.0
2593,30,34,5.0
2594,30,126,4.0
2595,30,182,5.0
2596,30,4,5.0
2597,30,152,4.0
2598,30,265,2.0
2599,30,12,5.0
2600,30,109,5.0
2601,30,38,5.0
2602,30,316,5.0
2603,30,1,4.0
2604,30,1,4.0
2605,30,38,5.0
2606,30,5,5.0
2607,30,140,4.0
2608,30,279,5.0
2609,30,315,4.0
2610,30,232,5.0
2611,30,204,4.0
2612,30,169,4.0
2613,85,37,4.0
2614,85,44,4.0
2615,85,165,5.0
2616,85,166,5.0
2617,85,97,5.0
2618,85,218,5.0
2619,82,75,5.0
2620,82,4,2.0
2621,82,100,3.0
2622,82,247,5.0
2623,82,4,5.0
2624,82,103,5.0
2625,82,10,5.0
2626,82,23,5.0
2627,82,63,5.0
2628,82,4,5.0
2629,82,4,5.0
2630,82,87,1.0
2631,82,195,2.0
2632,82,199,5.0
2633,82,26,5.0
2634,82,20,4.0
2635,82,10,5.0
2636,82,24,4.0
2637,82,135,5.0
2638,82,173,5.0
2639,82,12,5.0
2640,82,88,5.0
2641,86,37,4.0
2642,86,4,5.0
2643,86,148,4.0
2644,86,3,5.0
2645,86,257,5.0
2646,86,1,5.0
2647,86,209,5.0
2648,86,75,5.0
2649,86,5,5.0
2650,86,112,5.0
2651,86,302,5.0
2652,86,300,5.0
2653,86,73,4.0
2654,86,130,5.0
2655,86,242,3.0
2656,86,1,5.0
2657,86,235,5.0
2658,86,14,5.0
2659,86,128,5.0
2660,86,166,5.0
2661,86,2,5.0
2662,86,226,5.0
2663,86,1,5.0
2664,86,132,5.0
2665,86,10,5.0
2666,86,33,5.0
2667,86,109,5.0
2668,86,38,4.0
2669,86,245,4.0
2670,86,178,4.0
2671,86,131,5.0
2672,86,226,5.0
2673,86,283,5.0
2674,86,268,5.0
2675,86,203,4.0
2676,86,11,3.0
2677,86,102,5.0
2678,86,202,5.0
2679,86,124,4.0
2680,86,273,4.0
2681,86,1,5.0
2682,86,64,5.0
2683,86,316,5.0
2684,86,1,5.0
2685,86,88,5.0
2686,86,157,5.0
2687,86,110,5.0
2688,86,74,5.0
2689,86,156,5.0
2690,86,72,5.0
2691,86,213,5.0
2692,86,8,5.0
2693,86,125,5.0
2694,86,294,4.0
2695,86,208,1.0
2696,86,227,1.0
2697,86,246,4.0
2698,86,15,5.0
2699,86,189,3.0
2700,86,137,5.0
2701,86,112,5.0
2702,86,236,3.0
2703,86,6,1.0
2704,86,54,5.0
2705,86,232,4.0
2706,86,2,5.0
2707,86,39,5.0
2708,86,1,5.0
2709,86,3,5.0
2710,86,1,5.0
2711,86,97,5.0
2712,86,285,5.0
2713,86,153,5.0
2714,86,34,5.0
2715,86,183,4.0
2716,86,1,5.0
2717,86,1,5.0
2718,86,57,5.0
2719,86,9,5.0
2720,86,1,5.0
2721,86,71,5.0
2722,86,1,5.0
2723,86,1,5.0
2724,86,1,5.0
2725,86,1,5.0
2726,86,1,5.0
2727,86,288,4.0
2728,86,188,5.0
2729,86,255,5.0
2730,86,106,5.0
2731,86,20,5.0
2732,86,96,4.0
2733,86,168,5.0
2734,86,33,5.0
2735,86,84,5.0
2736,86,301,5.0
2737,86,296,3.0
2738,86,90,4.0
2739,86,18,5.0
2740,86,122,5.0
2741,86,61,4.0
2742,86,93,5.0
2743,86,205,5.0
2744,86,303,4.0
2745,86,111,5.0
2746,86,1,5.0
2747,86,16,5.0
2748,86,31,5.0
2749,86,69,5.0
2750,86,301,5.0
2751,86,1,5.0
2752,86,1,5.0
2753,86,228,4.0
2754,86,48,5.0
2755,86,79,5.0
2756,86,42,5.0
2757,86,317,5.0
2758,86,7,5.0
2759,86,57,5.0
2760,86,3,5.0
2761,86,297,4.0
2762,86,16,4.0
2763,86,285,5.0
2764,86,221,4.0
2765,86,247,5.0
2766,86,16,5.0
2767,86,315,4.0
2768,86,300,5.0
2769,86,108,5.0
2770,86,285,5.0
2771,86,152,5.0
2772,86,271,4.0
2773,86,137,3.0
2774,86,1,5.0
2775,86,43,5.0
2776,86,39,5.0
2777,86,170,5.0
2778,86,89,5.0
2779,86,169,5.0
2780,86,110,5.0
2781,86,1,5.0
2782,86,36,5.0
2783,86,183,4.0
2784,86,40,4.0
2785,86,70,5.0
2786,86,54,4.0
2787,86,325,5.0
2788,86,76,5.0
2789,86,1,5.0
2790,86,12,5.0
2791,86,305,5.0
2792,86,26,5.0
2793,86,4,1.0
2794,86,266,1.0
2795,86,1,5.0
2796,86,2,5.0
2797,86,59,4.0
2798,86,149,5.0
2799,86,250,5.0
2800,87,62,2.0
2801,87,136,5.0
2802,87,133,3.0
2803,87,80,5.0
2804,87,22,5.0
2805,87,78,5.0
2806,87,259,3.0
2807,87,302,5.0
2808,88,4,5.0
2809,88,76,4.0
2810,88,36,5.0
2811,88,46,5.0
2812,88,22,4.0
2813,88,278,5.0
2814,88,102,5.0
2815,88,102,5.0
2816,88,102,5.0
2817,88,124,5.0
2818,88,117,5.0
2819,88,9,5.0
2820,89,31,5.0
2821,89,104,3.0
2822,89,7,5.0
2823,89,17,5.0
2824,89,44,5.0
2825,89,4,5.0
2826,89,237,4.0
2827,89,22,5.0
2828,89,175,4.0
2829,90,260,4.0
2830,90,84,4.0
2831,90,177,4.0
2832,90,36,5.0
2833,90,302,1.0
2834,90,136,3.0
2835,90,78,4.0
2836,90,1,5.0
2837,90,22,5.0
2838,90,62,4.0
2839,90,41,5.0
2840,90,121,5.0
2841,90,274,2.0
2842,90,201,4.0
2843,90,216,5.0
2844,90,173,5.0
2845,90,92,5.0
2846,90,324,3.0
2847,90,2,5.0
2848,90,50,4.0
2849,90,154,4.0
2850,90,82,4.0
2851,90,1,4.0
2852,90,96,5.0
2853,90,321,4.0
2854,90,8,5.0
2855,90,1,4.0
2856,90,1,5.0
2857,90,2,5.0
2858,90,73,4.0
2859,90,1,5.0
2860,90,259,3.0
2861,90,317,5.0
2862,90,158,4.0
2863,90,230,3.0
2864,90,2,1.0
2865,91,171,5.0
2866,91,75,5.0
2867,91,181,5.0
2868,91,217,5.0
2869,91,2,5.0
2870,91,122,2.0
2871,91,142,5.0
2872,91,211,5.0
2873,91,214,4.0
2874,91,181,5.0
2875,91,91,5.0
2876,91,123,4.0
2877,91,210,5.0
2878,91,202,5.0
2879,91,326,5.0
2880,91,4,5.0
2881,92,196,4.0
2882,92,143,1.0
2883,92,110,4.0
2884,92,222,5.0
2885,92,203,4.0
2886,92,264,3.0
2887,92,29,4.0
2888,92,22,5.0
2889,92,132,4.0
2890,92,6,4.0
2891,92,116,4.0
2892,92,134,3.0
2893,93,143,2.0
2894,93,141,5.0
2895,93,85,4.0
2896,93,213,3.0
2897,93,60,3.0
2898,93,56,1.0
2899,93,87,1.0
2900,93,100,4.0
2901,93,54,5.0
2902,93,186,5.0
2903,93,12,4.0
2904,93,18,1.0
2905,93,318,3.0
2906,93,11,5.0
2907,93,11,1.0
2908,93,29,2.0
2909,93,29,3.0
2910,93,1,1.0
2911,93,176,4.0
2912,93,321,4.0
2913,93,180,5.0
2914,93,222,5.0
2915,93,9,5.0
2916,93,258,4.0
2917,93,141,4.0
2918,93,200,5.0
2919,93,5,1.0
2920,93,186,3.0
2921,93,230,2.0
2922,93,143,2.0
2923,93,197,2.0
2924,93,59,5.0
2925,93,98,5.0
2926,93,179,5.0
2927,93,123,5.0
2928,93,312,1.0
2929,93,91,4.0
2930,93,154,5.0
2931,93,1,1.0
2932,93,12,5.0
2933,93,18,5.0
2934,93,141,1.0
2935,93,118,4.0
2936,93,54,1.0
2937,93,226,1.0
2938,93,28,3.0
2939,93,25,5.0
2940,93,3,4.0
2941,93,98,5.0
2942,93,31,4.0
2943,93,12,3.0
2944,93,187,5.0
2945,93,172,3.0
2946,93,215,4.0
2947,93,108,5.0
2948,94,27,5.0
2949,94,150,5.0
2950,94,150,4.0
2951,94,161,5.0
2952,94,278,5.0
2953,94,104,5.0
2954,94,14,5.0
2955,94,2,5.0
2956,94,22,5.0
2957,94,72,5.0
2958,94,37,5.0
2959,94,15,5.0
2960,94,143,4.0
2961,94,97,1.0
2962,94,19,5.0
2963,94,130,5.0
2964,94,298,5.0
2965,94,207,5.0
2966,94,19,5.0
2967,94,166,4.0
2968,94,19,3.0
2969,94,17,5.0
2970,94,171,4.0
2971,94,55,5.0
2972,94,17,5.0
2973,94,62,5.0
2974,94,182,5.0
2975,94,283,4.0
2976,94,219,5.0
2977,94,27,5.0
2978,94,105,5.0
2979,95,27,4.0
2980,95,194,5.0
2981,95,57,5.0
2982,95,7,5.0
2983,95,27,5.0
2984,95,12,5.0
2985,95,217,5.0
2986,95,217,5.0
2987,95,42,5.0
2988,95,142,5.0
2989,95,79,5.0
2990,95,38,3.0
2991,95,325,5.0
2992,95,32,5.0
2993,95,26,5.0
2994,95,131,5.0
2995,95,46,5.0
2996,95,2,1.0
2997,95,88,5.0
2998,95,20,5.0
2999,95,140,5.0
3000,95,140,5.0
3001,95,140,5.0
3002,95,46,5.0
3003,95,247,5.0
3004,95,24,5.0
3005,95,128,5.0
3006,95,15,5.0
3007,95,20,5.0
3008,95,57,5.0
3009,95,23,5.0
3010,95,217,5.0
3011,95,15,5.0
3012,95,26,5.0
3013,95,23,5.0
3014,95,31,5.0
3015,95,142,4.0
3016,95,148,5.0
3017,95,18,4.0
3018,95,42,5.0
3019,95,77,5.0
3020,95,114,5.0
3021,95,42,5.0
3022,95,44,5.0
3023,95,53,5.0
3024,95,61,4.0
3025,95,82,5.0
3026,95,82,5.0
3027,95,79,5.0
3028,95,1,4.0
3029,95,10,5.0
3030,96,184,5.0
3031,96,32,5.0
3032,96,62,4.0
3033,96,163,5.0
3034,96,7,5.0
3035,96,44,5.0
3036,96,65,5.0
3037,96,119,3.0
3038,96,31,5.0
3039,96,4,5.0
3040,96,227,5.0
3041,96,32,5.0
3042,96,7,5.0
3043,96,31,5.0
3044,96,73,5.0
3045,96,65,5.0
3046,96,26,4.0
3047,97,99,4.0
3048,97,191,3.0
3049,97,228,4.0
3050,97,165,5.0
3051,97,309,5.0
3052,97,25,5.0
3053,97,306,5.0
3054,97,311,5.0
3055,97,243,5.0
3056,97,3,3.0
3057,97,16,5.0
3058,97,16,5.0
3059,97,311,5.0
3060,97,243,5.0
3061,97,309,5.0
3062,97,25,5.0
3063,97,306,5.0
3064,97,3,3.0
3065,97,99,4.0
3066,97,191,3.0
3067,97,228,4.0
3068,97,165,5.0
3069,40,142,5.0
3070,40,81,5.0
3071,40,244,3.0
3072,40,17,4.0
3073,40,50,4.0
3074,40,113,5.0
3075,40,43,5.0
3076,40,251,3.0
3077,40,2,5.0
3078,40,2,5.0
3079,40,192,5.0
3080,40,37,3.0
3081,40,45,5.0
3082,40,267,4.0
3083,40,324,3.0
3084,40,5,4.0
3085,40,121,5.0
3086,40,114,5.0
3087,40,8,4.0
3088,40,68,4.0
3089,40,54,5.0
3090,40,238,4.0
3091,40,63,4.0
3092,40,260,4.0
3093,40,133,5.0
3094,40,9,5.0
3095,40,113,5.0
3096,40,322,1.0
3097,40,214,5.0
3098,40,36,4.0
3099,40,55,5.0
3100,40,92,5.0
3101,40,19,4.0
3102,40,259,5.0
3103,40,5,5.0
3104,40,185,5.0
3105,40,138,5.0
3106,40,113,5.0
3107,40,323,5.0
3108,40,62,4.0
3109,40,113,5.0
3110,40,121,5.0
3111,40,22,5.0
3112,40,148,4.0
3113,40,89,5.0
3114,40,52,5.0
3115,40,2,1.0
3116,40,62,5.0
3117,40,68,5.0
3118,40,209,4.0
3119,40,117,5.0
3120,40,159,5.0
3121,40,21,4.0
3122,40,49,4.0
3123,40,5,4.0
3124,98,2,5.0
3125,98,182,4.0
3126,98,3,5.0
3127,98,128,3.0
3128,98,48,4.0
3129,98,289,3.0
3130,98,62,5.0
3131,98,103,4.0
3132,98,106,5.0
3133,98,237,2.0
3134,98,179,4.0
3135,98,234,2.0
3136,98,34,4.0
3137,98,94,3.0
3138,98,115,2.0
3139,98,32,4.0
3140,98,188,3.0
3141,98,243,4.0
3142,98,9,5.0
3143,98,145,4.0
3144,98,47,4.0
3145,98,140,2.0
3146,99,317,1.0
3147,99,81,1.0
3148,99,75,1.0
3149,99,239,1.0
3150,99,29,3.0
3151,99,83,1.0
3152,99,215,3.0
3153,99,270,3.0
3154,99,85,1.0
3155,99,69,3.0
3156,99,3,4.0
3157,99,145,5.0
3158,99,52,3.0
3159,99,3,2.0
3160,99,224,1.0
3161,99,6,1.0
3162,99,18,1.0
3163,99,3,1.0
3164,99,47,5.0
3165,99,48,4.0
3166,99,66,4.0
3167,100,85,5.0
3168,100,123,5.0
3169,100,66,5.0
3170,100,7,4.0
3171,100,187,1.0
3172,100,7,4.0
3173,100,321,4.0
3174,100,224,5.0
3175,100,17,5.0
3176,100,104,4.0
3177,100,4,5.0
3178,100,32,5.0
3179,100,249,2.0
3180,100,262,4.0
3181,100,6,4.0
3182,100,114,4.0
3183,100,37,1.0
3184,30,47,5.0
3185,73,26,5.0
3186,73,108,5.0
3187,73,289,4.0
3188,73,145,5.0
3189,73,53,4.0
3190,73,27,5.0
3191,73,255,2.0
3192,73,274,4.0
3193,73,127,4.0
3194,73,15,4.0
3195,73,213,2.0
3196,73,19,1.0
3197,73,126,4.0
3198,73,91,4.0
3199,73,187,4.0
3200,73,166,3.0
3201,73,86,3.0
3202,74,99,1.0
3203,74,99,4.0
3204,74,19,5.0
3205,74,197,3.0
3206,74,101,4.0
3207,74,67,1.0
3208,74,85,2.0
3209,74,32,5.0
3210,74,19,5.0
3211,74,63,2.0
3212,74,95,3.0
3213,74,5,4.0
3214,74,215,3.0
3215,74,174,2.0
3216,74,121,2.0
3217,74,97,5.0
3218,74,2,5.0
3219,74,280,1.0
3220,75,238,2.0
3221,75,2,5.0
3222,75,28,5.0
3223,75,85,5.0
3224,75,19,5.0
3225,75,240,5.0
3226,75,160,5.0
3227,75,17,5.0
3228,75,14,5.0
3229,75,2,5.0
3230,75,180,5.0
3231,75,25,5.0
3232,75,313,5.0
3233,75,83,5.0
3234,75,85,5.0
3235,75,4,5.0
3236,75,14,5.0
3237,75,138,5.0
3238,76,230,1.0
3239,76,269,4.0
3240,76,55,5.0
3241,76,311,5.0
3242,76,309,5.0
3243,76,195,4.0
3244,76,6,5.0
3245,76,41,4.0
3246,76,141,5.0
3247,76,94,5.0
3248,76,135,4.0
3249,76,21,5.0
3250,76,103,5.0
3251,76,52,4.0
3252,76,86,5.0
3253,76,154,5.0
3254,76,91,5.0
3255,76,9,5.0
3256,76,23,5.0
3257,76,6,5.0
3258,76,186,5.0
3259,76,218,5.0
3260,76,134,4.0
3261,76,2,1.0
3262,76,28,5.0
3263,76,326,4.0
3264,76,211,1.0
3265,76,277,5.0
3266,76,319,5.0
3267,76,8,2.0
3268,76,174,4.0
3269,76,72,5.0
3270,76,261,4.0
3271,76,28,4.0
3272,77,59,4.0
3273,77,275,1.0
3274,77,26,4.0
3275,77,61,4.0
3276,77,279,5.0
3277,77,32,5.0
3278,77,8,5.0
3279,77,218,1.0
3280,77,323,3.0
3281,77,202,4.0
3282,77,241,5.0
3283,77,60,4.0
3284,77,131,5.0
3285,77,11,4.0
3286,77,4,5.0
3287,77,22,5.0
3288,77,6,5.0
3289,77,27,5.0
3290,77,104,1.0
3291,77,118,5.0
3292,77,131,5.0
3293,77,61,5.0
3294,78,321,4.0
3295,78,24,5.0
3296,78,15,5.0
3297,78,31,4.0
3298,78,72,3.0
3299,78,156,5.0
3300,78,154,4.0
3301,78,176,5.0
3302,78,19,5.0
3303,78,10,5.0
3304,78,179,5.0
3305,78,59,4.0
3306,78,224,2.0
3307,78,88,1.0
3308,78,274,5.0
3309,78,32,5.0
3310,78,137,4.0
3311,78,134,4.0
3312,78,137,5.0
3313,78,53,5.0
3314,78,6,4.0
3315,78,42,5.0
3316,78,56,4.0
3317,78,138,5.0
3318,78,223,5.0
3319,78,175,5.0
3320,78,94,5.0
3321,78,57,5.0
3322,78,207,1.0
3323,78,221,2.0
3324,78,118,3.0
3325,78,199,1.0
3326,78,4,5.0
3327,6,67,5.0
3328,6,318,4.0
3329,6,118,5.0
3330,6,145,3.0
3331,6,161,2.0
3332,6,8,5.0
3333,6,16,5.0
3334,6,189,5.0
3335,6,313,4.0
3336,6,52,5.0
3337,6,9,5.0
3338,6,123,5.0
